"order_month","entity_description","monthly_spend","unique_vendors"
"2023-07-01 00:00:00-04","Virginia Department of Transportation",2012222004.86404,557
"2023-07-01 00:00:00-04","University of Virginia",244498052.1196,519
"2023-07-01 00:00:00-04","Department of Social Services",83162504.042,122
"2023-07-01 00:00:00-04","Department of Education",76682292.92,62
"2023-07-01 00:00:00-04","Virginia Commonwealth University",63070930.9558,410
"2023-07-01 00:00:00-04","College of William & Mary",52454197.99714,283
"2023-07-01 00:00:00-04","George Mason University",45764536.37024,400
"2023-07-01 00:00:00-04","Virginia Department of Health",40799939.98024,189
"2023-07-01 00:00:00-04","Department of Conservation and Recreation",36055531.72852,206
"2023-07-01 00:00:00-04","Department of General Services",31346852.16852,103
"2023-07-01 00:00:00-04","Virginia State University",26170716.7110,111
"2023-07-01 00:00:00-04","Department of Environmental Quality",22455918.66,55
"2023-07-01 00:00:00-04","Old Dominion University",21622229.4348,107
"2023-07-01 00:00:00-04","Department of Rail and Public Transportation",20646767.58,18
"2023-07-01 00:00:00-04","Northern Virginia Community College",19910003.31710,160
"2023-07-01 00:00:00-04","James Madison University",19642245.4786,262
"2023-07-01 00:00:00-04","Longwood University",19549880.82,70
"2023-07-01 00:00:00-04","Virginia Community College System - System Office",16445459.28,43
"2023-07-01 00:00:00-04","Virginia Polytechnic Institute and State University",13681395.16730,525
"2023-07-01 00:00:00-04","Eastern State Hospital",13356454.4564,54
"2023-07-01 00:00:00-04","Virginia Military Institute",11224156.30284,111
"2023-07-01 00:00:00-04","Loudoun County Public Schools",11155472,2
"2023-07-01 00:00:00-04","Office of the Attorney General",9730499.50,48
"2023-07-01 00:00:00-04","Central State Hospital",9486825.08,47
"2023-07-01 00:00:00-04","Tidewater Community College",8752169.48,109
"2023-07-01 00:00:00-04","Department of Behavioral Health and Developmental Services",8542105.576,55
"2023-07-01 00:00:00-04","Department of Corrections",8402811.24586,134
"2023-07-01 00:00:00-04","Virginia State Police",7271233.514,120
"2023-07-01 00:00:00-04","University of Mary Washington",7196156.24,94
"2023-07-01 00:00:00-04","Division of Community Corrections",6765565.9016,81
"2023-07-01 00:00:00-04","Norfolk State University",5992333.7058,64
"2023-07-01 00:00:00-04","DOC - Division of Institutions",5960322.60762,69
"2023-07-01 00:00:00-04","Department of Military Affairs",5941830.5038,37
"2023-07-01 00:00:00-04","Reynolds Community College",5556979.38,104
"2023-07-01 00:00:00-04","Virginia Peninsula Community College",5475431.768,55
"2023-07-01 00:00:00-04","Department of Motor Vehicles",5355639.444,66
"2023-07-01 00:00:00-04","Chesterfield County",4780212,1
"2023-07-01 00:00:00-04","Brightpoint Community College",4179014.56,67
"2023-07-01 00:00:00-04","Richard Bland College",3819484.20,38
"2023-07-01 00:00:00-04","Radford University",3802111.0422,141
"2023-07-01 00:00:00-04","Laurel Ridge Community College",3753594.18,72
"2023-07-01 00:00:00-04","Virginia Department of Energy",3714042.46,53
"2023-07-01 00:00:00-04","Christopher Newport University",3679180.2360,154
"2023-07-01 00:00:00-04","Germanna Community College",3644015.0076,90
"2023-07-01 00:00:00-04","Town of Blacksburg",3421666,2
"2023-07-01 00:00:00-04","Bedford County Public Schools",3258006,1
"2023-07-01 00:00:00-04","Virginia Information Technologies Agency",3152344.28,12
"2023-07-01 00:00:00-04","Lunenburg Correctional Center",3102584.4384,24
"2023-07-01 00:00:00-04","City of Danville",3059388,1
"2023-07-01 00:00:00-04","Department of Accounts",2986629.86,5
"2023-07-01 00:00:00-04","James City County",2803176,1
"2023-07-01 00:00:00-04","Sussex I and Sussex II State Prisons Complex",2776621.46,18
"2023-07-01 00:00:00-04","Red Onion Correctional Center",2564099.60,21
"2023-07-01 00:00:00-04","Department of Health Professions",2556937.2288,33
"2023-07-01 00:00:00-04","Virginia Museum of Fine Arts",2222943.16,64
"2023-07-01 00:00:00-04","Department of Taxation",2146494.30,20
"2023-07-01 00:00:00-04","Stafford County Public Schools",2110865.46,2
"2023-07-01 00:00:00-04","Coffeewood Correctional Center",2002869.832,33
"2023-07-01 00:00:00-04","Haynesville Correctional Center",1976653.70,27
"2023-07-01 00:00:00-04","Orange County Public Schools",1943810,1
"2023-07-01 00:00:00-04","State Farm Correctional Center",1848045.98,35
"2023-07-01 00:00:00-04","Buckingham Correctional Center",1844175.04,25
"2023-07-01 00:00:00-04","Virginia Veterans Care Center",1836344.30,50
"2023-07-01 00:00:00-04","Department of Treasury",1801640.36,11
"2023-07-01 00:00:00-04","Virginia Correctional Center for Women",1715158.20,23
"2023-07-01 00:00:00-04","Department of Juvenile Justice",1700943.88,50
"2023-07-01 00:00:00-04","Virginia Alcoholic Beverage Control Authority",1682744.220,21
"2023-07-01 00:00:00-04","Department of Medical Assistance Services",1680053.12,17
"2023-07-01 00:00:00-04","Virginia Department for Veterans Services",1605958.86,42
"2023-07-01 00:00:00-04","Department of Small Business and Supplier Diversity",1591272.68,4
"2023-07-01 00:00:00-04","Piedmont VA Community College",1484606.7592,59
"2023-07-01 00:00:00-04","Virginia Western Community College",1376144.56782,60
"2023-07-01 00:00:00-04","Library of Virginia",1296471.8350,37
"2023-07-01 00:00:00-04","Danville Community College",1295652.6918,51
"2023-07-01 00:00:00-04","Caroline County Schools",1273154,1
"2023-07-01 00:00:00-04","Blue Ridge Community College",1272729.72,80
"2023-07-01 00:00:00-04","Department of Criminal Justice Services",1238679.606,51
"2023-07-01 00:00:00-04","Central Virginia Community College",1196895.9768,52
"2023-07-01 00:00:00-04","Virginia Employment Commission",1182818.60,34
"2023-07-01 00:00:00-04","Department of Blind and Vision Impaired",1154121.60,54
"2023-07-01 00:00:00-04","Correctional Enterprises",1142970.85634,49
"2023-07-01 00:00:00-04","Department of Forestry",1060204.590,60
"2023-07-01 00:00:00-04","Southwest Virginia Community College",1059026.42,56
"2023-07-01 00:00:00-04","Dillwyn Correctional Center",1056973.544,33
"2023-07-01 00:00:00-04","Mountain Gateway Community College",1035311.44,37
"2023-07-01 00:00:00-04","Jamestown-Yorktown Foundation",991714.56,41
"2023-07-01 00:00:00-04","Marion Correctional Treatment Center",943148.24,25
"2023-07-01 00:00:00-04","Nottoway Correctional Center",938526.98,17
"2023-07-01 00:00:00-04","Western State Hospital",934588.1944,65
"2023-07-01 00:00:00-04","Fort Monroe Authority",914622.42,14
"2023-07-01 00:00:00-04","Virginia Department of Agriculture and Consumer Services",870835.710,56
"2023-07-01 00:00:00-04","Department of Housing and Community Development",812931.84,23
"2023-07-01 00:00:00-04","Deerfield Correctional Center",788849.012,25
"2023-07-01 00:00:00-04","Virginia Rehabilitation Center for the Blind",788312.74,17
"2023-07-01 00:00:00-04","Dept of Professional and Occupational Regulation",770089.34,21
"2023-07-01 00:00:00-04","Mountain Empire Community College",751592.56,38
"2023-07-01 00:00:00-04","Catawba Hospital",747354.55064,64
"2023-07-01 00:00:00-04","Virginia Cannabis Control Authority",729559.22,8
"2023-07-01 00:00:00-04","Southeastern Virginia Training Center",725657.492,51
"2023-07-01 00:00:00-04","Rappahannock Community College",693609.38,57
"2023-07-01 00:00:00-04","VA Center for Behavioral Rehabilitation",686314.8440,42
"2023-07-01 00:00:00-04","Piedmont Geriatric Hospital",668936.3900,47
"2023-07-01 00:00:00-04","Department of Forensic Science",663207.60,39
"2023-07-01 00:00:00-04","Western Region Correctional Field Units",633116.56,13
"2023-07-01 00:00:00-04","Virginia Department of Wildlife Resources",602127.610,51
"2023-07-01 00:00:00-04","Virginia Department of Emergency Management",578978.46,24
"2023-07-01 00:00:00-04","Southside Virginia Community College",569274.1148,50
"2023-07-01 00:00:00-04","Department for Aging and Rehabilitative Services",559977.20,49
"2023-07-01 00:00:00-04","Greensville Correctional Center",549606.60,25
"2023-07-01 00:00:00-04","Department of Corrections - Academy",545026.744,23
"2023-07-01 00:00:00-04","Virginia Highlands Community College",541146.68,44
"2023-07-01 00:00:00-04","Western Tidewater Community Services Board",533884.44,2
"2023-07-01 00:00:00-04","Patrick & Henry Community College",530149.56,64
"2023-07-01 00:00:00-04","Southwestern VA Mental Health Institute",395338.00,53
"2023-07-01 00:00:00-04","Fluvanna Correctional Center",392698.06,28
"2023-07-01 00:00:00-04","Department of Aviation",383846.010,22
"2023-07-01 00:00:00-04","Keen Mountain Correctional Center",369860.1552,30
"2023-07-01 00:00:00-04","Wytheville Community College",362774.1350,51
"2023-07-01 00:00:00-04","County of Loudoun",345021.36,3
"2023-07-01 00:00:00-04","Marine Resources Commission",339644.36,51
"2023-07-01 00:00:00-04","City of Petersburg",325436,1
"2023-07-01 00:00:00-04","Wallens Ridge Correctional Center",316353.22,25
"2023-07-01 00:00:00-04","Camp Community College",315458.0952,47
"2023-07-01 00:00:00-04","River North Correctional Center",307394.00,18
"2023-07-01 00:00:00-04","Northern Virginia Mental Health Institute",299697.88,17
"2023-07-01 00:00:00-04","Frontier Culture Museum",299602.4234,18
"2023-07-01 00:00:00-04","Baskerville Correctional Center",294282.8920,15
"2023-07-01 00:00:00-04","Pocahantas State Correctional Center",292148.46,19
"2023-07-01 00:00:00-04","Wilson Workforce and Rehabilitation Center",286189.17998,37
"2023-07-01 00:00:00-04","Virginia School for the Deaf and the Blind",271090.74,15
"2023-07-01 00:00:00-04","New River Community College",264745.38,43
"2023-07-01 00:00:00-04","Department of Human Resource Management",263341.44,15
"2023-07-01 00:00:00-04","Workers Compensation Commission",263257.64,16
"2023-07-01 00:00:00-04","Indian Creek Correctional Center",260248.26,22
"2023-07-01 00:00:00-04","Arlington County Government",258846,1
"2023-07-01 00:00:00-04","St. Brides Correctional Center",253630.30,27
"2023-07-01 00:00:00-04","Augusta Correctional Center",246895.66,19
"2023-07-01 00:00:00-04","County of Mathews",244480,1
"2023-07-01 00:00:00-04","Southern Virginia Mental Health Institute",238998.812,50
"2023-07-01 00:00:00-04","Clarke County",237468.98,2
"2023-07-01 00:00:00-04","City of Harrisonburg",225204,1
"2023-07-01 00:00:00-04","Sitter-Barfoot Veterans Care Center",213211.50,43
"2023-07-01 00:00:00-04","Bland Correctional Center",212289.53892,20
"2023-07-01 00:00:00-04","Virginia Community College Shared Services Center",196506.24,11
"2023-07-01 00:00:00-04","Green Rock Correctional Center",184710.450,21
"2023-07-01 00:00:00-04","Henrico County Government",176747.62,2
"2023-07-01 00:00:00-04","Shenandoah County",171800,1
"2023-07-01 00:00:00-04","Science Museum of Virginia",154065.30,43
"2023-07-01 00:00:00-04","Department of Elections",141667.34,10
"2023-07-01 00:00:00-04","A.L. Philpott Manufacturing Extension Partnership",132200,6
"2023-07-01 00:00:00-04","Eastern Shore Community College",130577.16,25
"2023-07-01 00:00:00-04","Department of Fire Programs",109504.72,23
"2023-07-01 00:00:00-04","County of Roanoke",96657.58,1
"2023-07-01 00:00:00-04","Department of Historic Resources",94166.22,7
"2023-07-01 00:00:00-04","Culpeper Soil and Water Conservation District",89514,1
"2023-07-01 00:00:00-04","Indigent Defense Commission",86935.54,15
"2023-07-01 00:00:00-04","State Council of Higher Education",85546.26,9
"2023-07-01 00:00:00-04","Scott County",72626.4,1
"2023-07-01 00:00:00-04","Fauquier County",66732,1
"2023-07-01 00:00:00-04","Botetourt County Public Schools",64976.52,1
"2023-07-01 00:00:00-04","Virginia Museum of Natural History",64837.70,18
"2023-07-01 00:00:00-04","City of Richmond Government",64522,1
"2023-07-01 00:00:00-04","Department of Labor and Industry",61262.70,26
"2023-07-01 00:00:00-04","Virginia Tourism Corporation",55487.34,11
"2023-07-01 00:00:00-04","Virginia Board for People with Disabilities",54564.4450,9
"2023-07-01 00:00:00-04","Greater Richmond Transit Company",53861.24,5
"2023-07-01 00:00:00-04","Office of the Governor",46855.80,4
"2023-07-01 00:00:00-04","State Corporation Commission",24990.94,2
"2023-07-01 00:00:00-04","Encompass Community Supports",23109.50,3
"2023-07-01 00:00:00-04","Jones & Cabacoy Veterans Care Center",21130.50,10
"2023-07-01 00:00:00-04","RSW Regional Jail Authority",20490.64,1
"2023-07-01 00:00:00-04","Secretary of Administration",19767.18,6
"2023-07-01 00:00:00-04","City of Lynchburg",18994.00,3
"2023-07-01 00:00:00-04","Veterans Services Foundation",14250,1
"2023-07-01 00:00:00-04","Pittsylvania County",13528.8,1
"2023-07-01 00:00:00-04","Virginia Department for the Deaf and Hard-of-Hearing",12074.52,15
"2023-07-01 00:00:00-04","Virginia Economic Development Partnership",11754.80,2
"2023-07-01 00:00:00-04","Virginia Racing Commission",8614.44,7
"2023-07-01 00:00:00-04","Poquoson City Public Schools",8053.2,1
"2023-07-01 00:00:00-04","Office of the State Inspector General",6029.648,5
"2023-07-01 00:00:00-04","Virginia Port Authority",2625.10,2
"2023-07-01 00:00:00-04","Board of Accountancy",2394.00,8
"2023-07-01 00:00:00-04","Auditor of Public Accounts",2390.30,2
"2023-07-01 00:00:00-04","Town of Front Royal",2126.8,1
"2023-07-01 00:00:00-04","District 19 Community Services Board",1929.62,1
"2023-07-01 00:00:00-04","Puller Veterans Care Center",1630.62,5
"2023-07-01 00:00:00-04","Office of Childrens Services",1570.12,2
"2023-07-01 00:00:00-04","Tobacco Region Revitalization Commission",1259.14,1
"2023-07-01 00:00:00-04","Secretary of the Commonwealth",1206.62,1
"2023-07-01 00:00:00-04","State Compensation Board",852.94,2
"2023-07-01 00:00:00-04","Motor Vehicle Dealer Board",815.68,2
"2023-07-01 00:00:00-04","Virginia Foundation for Healthy Youth",758.34,1
"2023-07-01 00:00:00-04","Southern Virginia Higher Education",705.0,1
"2023-07-01 00:00:00-04","Rappahannock Rapidan Community Services Board",609.90,1
"2023-07-01 00:00:00-04","Virginia State Bar",592.30,2
"2023-07-01 00:00:00-04","Commonwealth's Attorneys' Services Council",435.96,1
"2023-07-01 00:00:00-04","Lieutenant Governor",394.16,1
"2023-07-01 00:00:00-04","Town of Blackstone",291.90,1
"2023-07-01 00:00:00-04","Department of Planning and Budget",131.96,1
"2023-07-01 00:00:00-04","Secretary of Finance",73.02,1
"2023-07-01 00:00:00-04","County of Isle of Wight",0,1
"2023-07-01 00:00:00-04","Nottoway County Public Schools",0,1
"2023-08-01 00:00:00-04","Virginia Department of Transportation",2666145980.81540,612
"2023-08-01 00:00:00-04","College of William & Mary",189760294.9786,276
"2023-08-01 00:00:00-04","University of Virginia",143967386.8664,554
"2023-08-01 00:00:00-04","Department of General Services",94902285.28970,120
"2023-08-01 00:00:00-04","Department of Corrections",79237505.17742,157
"2023-08-01 00:00:00-04","Virginia Military Institute",78154326.38268,117
"2023-08-01 00:00:00-04","Department of Social Services",59228970.44248,105
"2023-08-01 00:00:00-04","James Madison University",54310796.5998,283
"2023-08-01 00:00:00-04","Virginia Department of Health",53256655.98828,216
"2023-08-01 00:00:00-04","Virginia Commonwealth University",52345920.5128,427
"2023-08-01 00:00:00-04","Department of Medical Assistance Services",45386544.23924,15
"2023-08-01 00:00:00-04","Virginia State University",32941371.74170,129
"2023-08-01 00:00:00-04","Department of Rail and Public Transportation",29584985.48,15
"2023-08-01 00:00:00-04","Department of Education",29545161.110,72
"2023-08-01 00:00:00-04","Virginia State Police",27831208.51504,133
"2023-08-01 00:00:00-04","Department of Conservation and Recreation",26542579.2718,256
"2023-08-01 00:00:00-04","Richard Bland College",25711398.512,54
"2023-08-01 00:00:00-04","George Mason University",20816314.7732,335
"2023-08-01 00:00:00-04","Department of Behavioral Health and Developmental Services",15491569.00400,65
"2023-08-01 00:00:00-04","Northern Virginia Community College",14617852.50,148
"2023-08-01 00:00:00-04","Virginia Polytechnic Institute and State University",14539699.1684,568
"2023-08-01 00:00:00-04","Old Dominion University",13456692.290,86
"2023-08-01 00:00:00-04","Norfolk State University",12160630.6902,127
"2023-08-01 00:00:00-04","Virginia Department of Emergency Management",11290913.46,28
"2023-08-01 00:00:00-04","Department of Military Affairs",10289926.064,66
"2023-08-01 00:00:00-04","Department of Corrections - Academy",10157385.13990,34
"2023-08-01 00:00:00-04","Division of Community Corrections",9744837.05712,92
"2023-08-01 00:00:00-04","Department of Environmental Quality",7635116.12,61
"2023-08-01 00:00:00-04","Virginia Department of Agriculture and Consumer Services",6944358.3350,65
"2023-08-01 00:00:00-04","Prince William County Schools",6434124,1
"2023-08-01 00:00:00-04","Christopher Newport University",6257717.62630,185
"2023-08-01 00:00:00-04","Correctional Enterprises",5441987.9716,55
"2023-08-01 00:00:00-04","Virginia Community College System - System Office",5330000.22,36
"2023-08-01 00:00:00-04","Virginia Alcoholic Beverage Control Authority",4987501.216,42
"2023-08-01 00:00:00-04","Mountain Empire Community College",4967205.54,41
"2023-08-01 00:00:00-04","University of Mary Washington",4602266.740,97
"2023-08-01 00:00:00-04","Science Museum of Virginia",4403010.588,45
"2023-08-01 00:00:00-04","Department of Juvenile Justice",4294609.56,85
"2023-08-01 00:00:00-04","Longwood University",4223618.2250,80
"2023-08-01 00:00:00-04","Western State Hospital",4156031.86,75
"2023-08-01 00:00:00-04","Tidewater Community College",4044722.560,127
"2023-08-01 00:00:00-04","Radford University",3736013.5600,152
"2023-08-01 00:00:00-04","County of Roanoke",3726190,1
"2023-08-01 00:00:00-04","Virginia Department of Energy",3681083.420,52
"2023-08-01 00:00:00-04","Virginia Correctional Center for Women",3037639.04,42
"2023-08-01 00:00:00-04","Albemarle County",2969230,1
"2023-08-01 00:00:00-04","Southern Virginia Mental Health Institute",2849235.352,51
"2023-08-01 00:00:00-04","Virginia Department for Veterans Services",2662344.22,57
"2023-08-01 00:00:00-04","Virginia Museum of Fine Arts",2653939.360,64
"2023-08-01 00:00:00-04","Eastern State Hospital",2579869.84,50
"2023-08-01 00:00:00-04","Dept of Professional and Occupational Regulation",2576917.50,28
"2023-08-01 00:00:00-04","Virginia Information Technologies Agency",2551265.924,21
"2023-08-01 00:00:00-04","City of Danville",2542212,1
"2023-08-01 00:00:00-04","Pocahantas State Correctional Center",2508824.672,28
"2023-08-01 00:00:00-04","DOC - Division of Institutions",2441901.77682,69
"2023-08-01 00:00:00-04","Department of Motor Vehicles",2390445.66596,81
"2023-08-01 00:00:00-04","Central State Hospital",2250371.50,39
"2023-08-01 00:00:00-04","St. Brides Correctional Center",2074915.58,34
"2023-08-01 00:00:00-04","Department of Criminal Justice Services",2037964.72,38
"2023-08-01 00:00:00-04","Department of Housing and Community Development",2027371.70,22
"2023-08-01 00:00:00-04","Virginia Veterans Care Center",1986968.02,60
"2023-08-01 00:00:00-04","Buckingham Correctional Center",1823032.68864,29
"2023-08-01 00:00:00-04","Fluvanna Correctional Center",1780954.80,30
"2023-08-01 00:00:00-04","Department of Aviation",1780664.02,14
"2023-08-01 00:00:00-04","Dillwyn Correctional Center",1767590.9476,28
"2023-08-01 00:00:00-04","Virginia Peninsula Community College",1672534.916,72
"2023-08-01 00:00:00-04","Virginia Department of Wildlife Resources",1660488.18864,93
"2023-08-01 00:00:00-04","Reynolds Community College",1614234.48,92
"2023-08-01 00:00:00-04","County of York",1533318,2
"2023-08-01 00:00:00-04","Germanna Community College",1529841.222,83
"2023-08-01 00:00:00-04","Wallens Ridge Correctional Center",1523190.992,33
"2023-08-01 00:00:00-04","Brightpoint Community College",1477425.556,50
"2023-08-01 00:00:00-04","Virginia Museum of Natural History",1469369.66,16
"2023-08-01 00:00:00-04","Piedmont Geriatric Hospital",1273894.7272,51
"2023-08-01 00:00:00-04","Coffeewood Correctional Center",1258184.580,29
"2023-08-01 00:00:00-04","Danville Community College",1229166.490,43
"2023-08-01 00:00:00-04","Greensville Correctional Center",1124714.68,21
"2023-08-01 00:00:00-04","Sitter-Barfoot Veterans Care Center",1047229.44,41
"2023-08-01 00:00:00-04","Secretary of Administration",1032587.84,10
"2023-08-01 00:00:00-04","Marine Resources Commission",1004598.78,45
"2023-08-01 00:00:00-04","Department of Blind and Vision Impaired",994457.72,57
"2023-08-01 00:00:00-04","Department of Forestry",986248.58,63
"2023-08-01 00:00:00-04","VA Center for Behavioral Rehabilitation",962289.2330,31
"2023-08-01 00:00:00-04","River North Correctional Center",938403.50,21
"2023-08-01 00:00:00-04","Frontier Culture Museum",864296.10,17
"2023-08-01 00:00:00-04","Green Rock Correctional Center",823658.44,22
"2023-08-01 00:00:00-04","Fort Monroe Authority",799393.04,12
"2023-08-01 00:00:00-04","Jamestown-Yorktown Foundation",790328.36,38
"2023-08-01 00:00:00-04","State Farm Correctional Center",781548.940,37
"2023-08-01 00:00:00-04","Virginia Western Community College",769362.036,69
"2023-08-01 00:00:00-04","Southwest Virginia Community College",758221.84,49
"2023-08-01 00:00:00-04","Department of Forensic Science",755154.9382,60
"2023-08-01 00:00:00-04","Keen Mountain Correctional Center",753543.94,26
"2023-08-01 00:00:00-04","Office of the Attorney General",727864.94,47
"2023-08-01 00:00:00-04","Department of Taxation",699872.82,26
"2023-08-01 00:00:00-04","County of Loudoun",676656.48,3
"2023-08-01 00:00:00-04","Wilson Workforce and Rehabilitation Center",613921.96398,36
"2023-08-01 00:00:00-04","Department for Aging and Rehabilitative Services",604737.86,68
"2023-08-01 00:00:00-04","Nottoway Correctional Center",595631.90,27
"2023-08-01 00:00:00-04","Secretary of Finance",574727.50,1
"2023-08-01 00:00:00-04","Catawba Hospital",559262.51090,57
"2023-08-01 00:00:00-04","Rappahannock Community College",541601.24,63
"2023-08-01 00:00:00-04","Augusta Correctional Center",523118.76,22
"2023-08-01 00:00:00-04","Southeastern Virginia Training Center",504387.088,57
"2023-08-01 00:00:00-04","Blue Ridge Community College",496136.44,58
"2023-08-01 00:00:00-04","Haynesville Correctional Center",493511.23998,29
"2023-08-01 00:00:00-04","Laurel Ridge Community College",459237.124,74
"2023-08-01 00:00:00-04","Department of Treasury",457900.82,19
"2023-08-01 00:00:00-04","Scott County",452784,1
"2023-08-01 00:00:00-04","Smyth County Public Schools",450569.84,1
"2023-08-01 00:00:00-04","Central Virginia Community College",440921.3382,44
"2023-08-01 00:00:00-04","Southwestern VA Mental Health Institute",434151.02,57
"2023-08-01 00:00:00-04","Indigent Defense Commission",417155.56,25
"2023-08-01 00:00:00-04","Southside Virginia Community College",413109.436,51
"2023-08-01 00:00:00-04","Piedmont VA Community College",405161.292,42
"2023-08-01 00:00:00-04","A.L. Philpott Manufacturing Extension Partnership",394758.40,9
"2023-08-01 00:00:00-04","Henrico County Government",393033.4,2
"2023-08-01 00:00:00-04","Department of Historic Resources",384366.20,24
"2023-08-01 00:00:00-04","Deerfield Correctional Center",373759.8638,33
"2023-08-01 00:00:00-04","Indian Creek Correctional Center",358172.846,25
"2023-08-01 00:00:00-04","Wytheville Community College",347693.42,60
"2023-08-01 00:00:00-04","Roanoke City Government",346436.08,1
"2023-08-01 00:00:00-04","New River Community College",342338.82,49
"2023-08-01 00:00:00-04","Virginia Employment Commission",328325.60,41
"2023-08-01 00:00:00-04","Stafford County Public Schools",327769.06,2
"2023-08-01 00:00:00-04","Lunenburg Correctional Center",324576.090,22
"2023-08-01 00:00:00-04","Virginia Highlands Community College",323778.34,40
"2023-08-01 00:00:00-04","Department of Labor and Industry",292748.50,22
"2023-08-01 00:00:00-04","Craig County",285144.8,2
"2023-08-01 00:00:00-04","Western Region Correctional Field Units",283571.18,9
"2023-08-01 00:00:00-04","Virginia School for the Deaf and the Blind",279442.12,32
"2023-08-01 00:00:00-04","Department of Small Business and Supplier Diversity",278364.72,9
"2023-08-01 00:00:00-04","Sussex I and Sussex II State Prisons Complex",261389.52,20
"2023-08-01 00:00:00-04","Northern Virginia Mental Health Institute",260366.04,14
"2023-08-01 00:00:00-04","Mountain Gateway Community College",254991.28,41
"2023-08-01 00:00:00-04","Rockingham County",246830,1
"2023-08-01 00:00:00-04","Jones & Cabacoy Veterans Care Center",236795.52,14
"2023-08-01 00:00:00-04","Workers Compensation Commission",234043.66,8
"2023-08-01 00:00:00-04","Red Onion Correctional Center",230582.56,16
"2023-08-01 00:00:00-04","Bland Correctional Center",217868.0376,19
"2023-08-01 00:00:00-04","Patrick & Henry Community College",203562.98,46
"2023-08-01 00:00:00-04","Baskerville Correctional Center",202927.66,17
"2023-08-01 00:00:00-04","Virginia Tourism Corporation",198680.38,6
"2023-08-01 00:00:00-04","Suffolk Public Schools",179061.22,1
"2023-08-01 00:00:00-04","Virginia Board for People with Disabilities",174612.42,8
"2023-08-01 00:00:00-04","Department of Elections",171509.820,9
"2023-08-01 00:00:00-04","Department of Health Professions",167232.22,31
"2023-08-01 00:00:00-04","Department of Fire Programs",165590.30,29
"2023-08-01 00:00:00-04","Marion Correctional Treatment Center",153486.24,15
"2023-08-01 00:00:00-04","Virginia Rehabilitation Center for the Blind",148284.30,8
"2023-08-01 00:00:00-04","State Council of Higher Education",135375.38,14
"2023-08-01 00:00:00-04","Caroline County Schools",132524.40,1
"2023-08-01 00:00:00-04","Rapidan Service Authority",119988.56,1
"2023-08-01 00:00:00-04","Rappahannock Juvenile Center",119003.10,2
"2023-08-01 00:00:00-04","County of Accomack",110699.10,1
"2023-08-01 00:00:00-04","Western Tidewater Community Services Board",110260,2
"2023-08-01 00:00:00-04","Virginia Cannabis Control Authority",108461.68,4
"2023-08-01 00:00:00-04","Library of Virginia",96992.30,30
"2023-08-01 00:00:00-04","Colonial Soil and Water Conservation District",92000,1
"2023-08-01 00:00:00-04","Camp Community College",88903.026,35
"2023-08-01 00:00:00-04","Spotsylvania County",87589.2,1
"2023-08-01 00:00:00-04","Department of Human Resource Management",43577.62,8
"2023-08-01 00:00:00-04","Department of Accounts",39258.62,4
"2023-08-01 00:00:00-04","Virginia Department for the Deaf and Hard-of-Hearing",37972.726,26
"2023-08-01 00:00:00-04","Poquoson City Public Schools",36841.34,2
"2023-08-01 00:00:00-04","State Corporation Commission",36400.94,3
"2023-08-01 00:00:00-04","Eastern Shore Community College",28159.70,12
"2023-08-01 00:00:00-04","Town of Blacksburg",20755.50,1
"2023-08-01 00:00:00-04","City of Lynchburg",15773.86,3
"2023-08-01 00:00:00-04","Peninsula Airport Commission",10607.94,1
"2023-08-01 00:00:00-04","RSW Regional Jail Authority",9931.96,1
"2023-08-01 00:00:00-04","Commission for the Arts",9556,1
"2023-08-01 00:00:00-04","City of Petersburg",7804.90,1
"2023-08-01 00:00:00-04","Encompass Community Supports",7725.88,2
"2023-08-01 00:00:00-04","Auditor of Public Accounts",7641.20,6
"2023-08-01 00:00:00-04","Virginia Economic Development Partnership",7382.82,2
"2023-08-01 00:00:00-04","New College Institute",7263.0,3
"2023-08-01 00:00:00-04","Secretary of the Commonwealth",5562.92,4
"2023-08-01 00:00:00-04","Puller Veterans Care Center",4593.78,3
"2023-08-01 00:00:00-04","Virginia Community College Shared Services Center",4428.1710,3
"2023-08-01 00:00:00-04","Secretary of Health and Human Resources",4380,1
"2023-08-01 00:00:00-04","Virginia Port Authority",4161.90,2
"2023-08-01 00:00:00-04","Office of the State Inspector General",4073.14,5
"2023-08-01 00:00:00-04","Virginia Racing Commission",4061.00,4
"2023-08-01 00:00:00-04","Southern Virginia Higher Education",4000,1
"2023-08-01 00:00:00-04","Board of Accountancy",3742.62,6
"2023-08-01 00:00:00-04","Virginia Peninsula Regional Jail",3183.56,1
"2023-08-01 00:00:00-04","District 19 Community Services Board",2892.62,1
"2023-08-01 00:00:00-04","Motor Vehicle Dealer Board",2089.54,1
"2023-08-01 00:00:00-04","Secretary of Natural Resources",1874.98,1
"2023-08-01 00:00:00-04","Office of the Governor",1851.46,3
"2023-08-01 00:00:00-04","Louisa County",1807.68,1
"2023-08-01 00:00:00-04","Secretary of Commerce and Trade",1802.94,1
"2023-08-01 00:00:00-04","Office of Childrens Services",1710.42,3
"2023-08-01 00:00:00-04","Piedmont Regional Jail Authority",1697.96,1
"2023-08-01 00:00:00-04","Greater Richmond Transit Company",1363.92,3
"2023-08-01 00:00:00-04","Secretary of Education",1299.98,1
"2023-08-01 00:00:00-04","Northwestern Community Services Board",1002.26,1
"2023-08-01 00:00:00-04","Virginia State Bar",922.18,2
"2023-08-01 00:00:00-04","Secretary of Public Safety",617.70,1
"2023-08-01 00:00:00-04","Town of Blackstone",613.10,1
"2023-08-01 00:00:00-04","Secretary of Veterans and Defense Affairs",501.96,1
"2023-08-01 00:00:00-04","eVA ADMINISTRATION",2,1
"2023-08-01 00:00:00-04","Campbell County Utilities and Service Authority",0,1
"2023-08-01 00:00:00-04","City of Newport News",0,1
"2023-09-01 00:00:00-04","Virginia Department of Transportation",1183790153.28296,597
"2023-09-01 00:00:00-04","Department of Corrections",283291624.4858,138
"2023-09-01 00:00:00-04","College of William & Mary",243945429.2194,325
"2023-09-01 00:00:00-04","Christopher Newport University",146314312.66740,208
"2023-09-01 00:00:00-04","Longwood University",116983386.66,78
"2023-09-01 00:00:00-04","University of Virginia",98512788.26662,449
"2023-09-01 00:00:00-04","Department of General Services",88693805.43250,124
"2023-09-01 00:00:00-04","Department of Social Services",88217912.70,109
"2023-09-01 00:00:00-04","University of Mary Washington",56653017.760,105
"2023-09-01 00:00:00-04","Department of Medical Assistance Services",46158461.35524,14
"2023-09-01 00:00:00-04","George Mason University",43747381.88978,402
"2023-09-01 00:00:00-04","James Madison University",37839245.2804,279
"2023-09-01 00:00:00-04","Department of Behavioral Health and Developmental Services",23825363.76004,74
"2023-09-01 00:00:00-04","Science Museum of Virginia",22439926.4530,45
"2023-09-01 00:00:00-04","Virginia Commonwealth University",20474019.4484,316
"2023-09-01 00:00:00-04","Department of Rail and Public Transportation",17727824.46,15
"2023-09-01 00:00:00-04","Virginia Department of Health",17726067.92672,197
"2023-09-01 00:00:00-04","Virginia Department for Veterans Services",15489724.4072,46
"2023-09-01 00:00:00-04","Norfolk State University",14480759.22,106
"2023-09-01 00:00:00-04","Northern Virginia Community College",14363565.80942,143
"2023-09-01 00:00:00-04","Department of Education",14217027.89824,86
"2023-09-01 00:00:00-04","Department of Environmental Quality",12944786.74,51
"2023-09-01 00:00:00-04","Virginia Polytechnic Institute and State University",11860674.6948,582
"2023-09-01 00:00:00-04","Department of Military Affairs",10905605.75680,66
"2023-09-01 00:00:00-04","Department of Motor Vehicles",9912840.84524,76
"2023-09-01 00:00:00-04","Spotsylvania County Public Schools",9108486.86,2
"2023-09-01 00:00:00-04","Virginia State Police",8965621.66,110
"2023-09-01 00:00:00-04","Virginia Community College System - System Office",8504457.92,31
"2023-09-01 00:00:00-04","Old Dominion University",7354768.0606,68
"2023-09-01 00:00:00-04","Virginia Department of Emergency Management",7122429.86006,29
"2023-09-01 00:00:00-04","Stafford County Public Schools",5709633.76,2
"2023-09-01 00:00:00-04","Radford University",5168253.9766,128
"2023-09-01 00:00:00-04","Department of Conservation and Recreation",4797076.29708,213
"2023-09-01 00:00:00-04","Virginia Department of Agriculture and Consumer Services",4000304.40,46
"2023-09-01 00:00:00-04","Virginia Peninsula Community College",3967892.662,58
"2023-09-01 00:00:00-04","Tidewater Community College",3656423.312,90
"2023-09-01 00:00:00-04","Western State Hospital",3353566.7430,50
"2023-09-01 00:00:00-04","Virginia Military Institute",3307160.57900,103
"2023-09-01 00:00:00-04","Virginia State University",2997116.450,103
"2023-09-01 00:00:00-04","Central State Hospital",2877171.62,36
"2023-09-01 00:00:00-04","Albemarle County",2869435.2,2
"2023-09-01 00:00:00-04","Richard Bland College",2309541.14852,47
"2023-09-01 00:00:00-04","Virginia Correctional Center for Women",2120737.92,45
"2023-09-01 00:00:00-04","Virginia Department of Wildlife Resources",2100783.05800,67
"2023-09-01 00:00:00-04","Department of Elections",2078984.18,14
"2023-09-01 00:00:00-04","Eastern State Hospital",2056208.6116,45
"2023-09-01 00:00:00-04","Secretary of Administration",2013722.58,9
"2023-09-01 00:00:00-04","Division of Community Corrections",1950265.39716,78
"2023-09-01 00:00:00-04","Correctional Enterprises",1899823.0254,51
"2023-09-01 00:00:00-04","Department of Juvenile Justice",1814420.04,71
"2023-09-01 00:00:00-04","Wilson Workforce and Rehabilitation Center",1776203.86718,39
"2023-09-01 00:00:00-04","Pocahantas State Correctional Center",1675959.88,17
"2023-09-01 00:00:00-04","Virginia Alcoholic Beverage Control Authority",1657195.434,32
"2023-09-01 00:00:00-04","Department of Health Professions",1627383.78,27
"2023-09-01 00:00:00-04","Montgomery County Public Schools",1590449.06,1
"2023-09-01 00:00:00-04","Department of Forestry",1548460.344,56
"2023-09-01 00:00:00-04","DOC - Division of Institutions",1546254.01250,55
"2023-09-01 00:00:00-04","Franklin County",1477785.44,2
"2023-09-01 00:00:00-04","Sitter-Barfoot Veterans Care Center",1271639.04,38
"2023-09-01 00:00:00-04","Virginia Veterans Care Center",1230341.14,54
"2023-09-01 00:00:00-04","Greensville Correctional Center",1212126.9746,33
"2023-09-01 00:00:00-04","Department of Blind and Vision Impaired",1165104.41646,59
"2023-09-01 00:00:00-04","Piedmont VA Community College",1110397.1992,44
"2023-09-01 00:00:00-04","Nottoway Correctional Center",1042825.778,24
"2023-09-01 00:00:00-04","Virginia Regional Transit",1019736,1
"2023-09-01 00:00:00-04","Virginia Information Technologies Agency",983229.32,15
"2023-09-01 00:00:00-04","Mountain Empire Community College",930292.712,43
"2023-09-01 00:00:00-04","Wallens Ridge Correctional Center",895645.54,26
"2023-09-01 00:00:00-04","New River Community College",895437.950,41
"2023-09-01 00:00:00-04","Reynolds Community College",854290.98,74
"2023-09-01 00:00:00-04","Fluvanna Correctional Center",849044.08,32
"2023-09-01 00:00:00-04","State Council of Higher Education",848560.98,6
"2023-09-01 00:00:00-04","Buckingham Correctional Center",791819.590,26
"2023-09-01 00:00:00-04","Sussex I and Sussex II State Prisons Complex",783922.48,23
"2023-09-01 00:00:00-04","State Farm Correctional Center",782177.40,31
"2023-09-01 00:00:00-04","Office of the Attorney General",745292.9350,36
"2023-09-01 00:00:00-04","Virginia Western Community College",701024.38,51
"2023-09-01 00:00:00-04","Department of Taxation",699474.6768,23
"2023-09-01 00:00:00-04","Department of Planning and Budget",688388.60,5
"2023-09-01 00:00:00-04","Department of Criminal Justice Services",672833.6310,39
"2023-09-01 00:00:00-04","Marion Correctional Treatment Center",650211.734,20
"2023-09-01 00:00:00-04","Wytheville Community College",645998.69952,50
"2023-09-01 00:00:00-04","Indian Creek Correctional Center",644226.2132,27
"2023-09-01 00:00:00-04","Department of Forensic Science",641113.16,52
"2023-09-01 00:00:00-04","Green Rock Correctional Center",638363.012,21
"2023-09-01 00:00:00-04","Southwestern VA Mental Health Institute",630767.66,44
"2023-09-01 00:00:00-04","Coffeewood Correctional Center",629176.54,24
"2023-09-01 00:00:00-04","Germanna Community College",628629.16,71
"2023-09-01 00:00:00-04","Dept of Professional and Occupational Regulation",628293.150,23
"2023-09-01 00:00:00-04","Rappahannock Community College",620531.64,52
"2023-09-01 00:00:00-04","Catawba Hospital",601164.44,50
"2023-09-01 00:00:00-04","Keen Mountain Correctional Center",585278.28,34
"2023-09-01 00:00:00-04","Department of Historic Resources",579013.04,20
"2023-09-01 00:00:00-04","Cumberland County Public Schools",577260,1
"2023-09-01 00:00:00-04","Virginia Museum of Fine Arts",573259.17690,57
"2023-09-01 00:00:00-04","Piedmont Geriatric Hospital",535306.6658,38
"2023-09-01 00:00:00-04","Virginia Employment Commission",530989.62,40
"2023-09-01 00:00:00-04","St. Brides Correctional Center",524675.24,36
"2023-09-01 00:00:00-04","Southeastern Virginia Training Center",524341.276,55
"2023-09-01 00:00:00-04","Virginia Department of Energy",521192.74,42
"2023-09-01 00:00:00-04","Danville Community College",518779.080,36
"2023-09-01 00:00:00-04","Laurel Ridge Community College",454810.54,49
"2023-09-01 00:00:00-04","VA Center for Behavioral Rehabilitation",452804.0972,29
"2023-09-01 00:00:00-04","Department of Housing and Community Development",425548.24,27
"2023-09-01 00:00:00-04","Patrick & Henry Community College",394096.14,48
"2023-09-01 00:00:00-04","Mountain Gateway Community College",391161.16,23
"2023-09-01 00:00:00-04","Department of Corrections - Academy",388918.95408,24
"2023-09-01 00:00:00-04","Marine Resources Commission",385613.26,44
"2023-09-01 00:00:00-04","Department for Aging and Rehabilitative Services",380111.3912,49
"2023-09-01 00:00:00-04","Brightpoint Community College",349725.46,56
"2023-09-01 00:00:00-04","Indigent Defense Commission",335120.08,19
"2023-09-01 00:00:00-04","Baskerville Correctional Center",333847.76,19
"2023-09-01 00:00:00-04","Dillwyn Correctional Center",332392.42,26
"2023-09-01 00:00:00-04","Haynesville Correctional Center",327407.16,24
"2023-09-01 00:00:00-04","Camp Community College",308666.420,39
"2023-09-01 00:00:00-04","Metropolitan Washington Airports Authority",301992.24,1
"2023-09-01 00:00:00-04","Department of Small Business and Supplier Diversity",293053.64,9
"2023-09-01 00:00:00-04","Hanover County",280163.0,2
"2023-09-01 00:00:00-04","Red Onion Correctional Center",273626.70,20
"2023-09-01 00:00:00-04","Deerfield Correctional Center",270238.388,29
"2023-09-01 00:00:00-04","Augusta Correctional Center",265767.50,21
"2023-09-01 00:00:00-04","Northern Virginia Mental Health Institute",259372.76,17
"2023-09-01 00:00:00-04","Jones & Cabacoy Veterans Care Center",256103.676,29
"2023-09-01 00:00:00-04","River North Correctional Center",252368.54,23
"2023-09-01 00:00:00-04","Southern Virginia Mental Health Institute",249913.20,54
"2023-09-01 00:00:00-04","Bland Correctional Center",247651.97934,27
"2023-09-01 00:00:00-04","Southwest Virginia Community College",245840.56,37
"2023-09-01 00:00:00-04","Central Virginia Community College",235301.04,48
"2023-09-01 00:00:00-04","Western Tidewater Community Services Board",227006,2
"2023-09-01 00:00:00-04","Lunenburg Correctional Center",216683.90,17
"2023-09-01 00:00:00-04","Southside Virginia Community College",211080.638,46
"2023-09-01 00:00:00-04","Caroline County Schools",208231.64,2
"2023-09-01 00:00:00-04","County of Loudoun",196201.30,2
"2023-09-01 00:00:00-04","Virginia School for the Deaf and the Blind",188617.36,27
"2023-09-01 00:00:00-04","Jamestown-Yorktown Foundation",171227.10,35
"2023-09-01 00:00:00-04","Fort Monroe Authority",160842.20,8
"2023-09-01 00:00:00-04","Blue Ridge Community College",158981.70,45
"2023-09-01 00:00:00-04","City of Newport News",149629.76,1
"2023-09-01 00:00:00-04","Auditor of Public Accounts",143940.20,3
"2023-09-01 00:00:00-04","Library of Virginia",137814.08,33
"2023-09-01 00:00:00-04","County of Fairfax",136286,1
"2023-09-01 00:00:00-04","Department of Fire Programs",125574.18,26
"2023-09-01 00:00:00-04","Virginia Highlands Community College",103834.80,31
"2023-09-01 00:00:00-04","Big Sandy Soil and Water Conservation District",100720,1
"2023-09-01 00:00:00-04","Eastern Shore Community College",95681.46,24
"2023-09-01 00:00:00-04","Western Region Correctional Field Units",76588.06,8
"2023-09-01 00:00:00-04","Department of Labor and Industry",72586.46,23
"2023-09-01 00:00:00-04","DOC - Architecture and Engineering",63284,1
"2023-09-01 00:00:00-04","Workers Compensation Commission",62185.92,10
"2023-09-01 00:00:00-04","Department of Aviation",61168.04,16
"2023-09-01 00:00:00-04","Frontier Culture Museum",56326.66,14
"2023-09-01 00:00:00-04","Virginia Board for People with Disabilities",54470.56,11
"2023-09-01 00:00:00-04","Department of Accounts",45150.42,5
"2023-09-01 00:00:00-04","Virginia Cannabis Control Authority",41134.36,3
"2023-09-01 00:00:00-04","Virginia Tourism Corporation",41061.64,10
"2023-09-01 00:00:00-04","Department of Treasury",37461.98,12
"2023-09-01 00:00:00-04","Town of Blacksburg",32475.84,1
"2023-09-01 00:00:00-04","Poquoson City Public Schools",31534.20,2
"2023-09-01 00:00:00-04","Virginia Museum of Natural History",28957.32,15
"2023-09-01 00:00:00-04","Commission on VASAP",28622.16,1
"2023-09-01 00:00:00-04","Office of the Governor",25510.26,5
"2023-09-01 00:00:00-04","Encompass Community Supports",23761.54,2
"2023-09-01 00:00:00-04","Virginia Department for the Deaf and Hard-of-Hearing",23527.40,16
"2023-09-01 00:00:00-04","Middle River Regional Jail",21902.22,1
"2023-09-01 00:00:00-04","RSW Regional Jail Authority",20277.16,1
"2023-09-01 00:00:00-04","City of Petersburg",19460,1
"2023-09-01 00:00:00-04","Greater Richmond Transit Company",16005.44,4
"2023-09-01 00:00:00-04","Secretary of the Commonwealth",15377.38,3
"2023-09-01 00:00:00-04","Tobacco Region Revitalization Commission",14142.28,3
"2023-09-01 00:00:00-04","Henrico County Government",13216.44,1
"2023-09-01 00:00:00-04","Virginia Rehabilitation Center for the Blind",12707.28,6
"2023-09-01 00:00:00-04","Virginia Economic Development Partnership",11575.08,4
"2023-09-01 00:00:00-04","Virginia Community College Shared Services Center",10112.82,5
"2023-09-01 00:00:00-04","State Corporation Commission",9718.02,2
"2023-09-01 00:00:00-04","Board of Accountancy",8576.80,11
"2023-09-01 00:00:00-04","Department of Human Resource Management",7724.74,7
"2023-09-01 00:00:00-04","Office of Childrens Services",7332.54,5
"2023-09-01 00:00:00-04","Town of Front Royal",7239.50,2
"2023-09-01 00:00:00-04","JAUNT",6641.92,3
"2023-09-01 00:00:00-04","New College Institute",6330,1
"2023-09-01 00:00:00-04","Virginia Outdoors Foundation",5100,1
"2023-09-01 00:00:00-04","City of Lynchburg",4972.30,2
"2023-09-01 00:00:00-04","Southern Virginia Higher Education",4731.12,3
"2023-09-01 00:00:00-04","Virginia Port Authority",3561.18,2
"2023-09-01 00:00:00-04","City of Williamsburg",3060.04,1
"2023-09-01 00:00:00-04","Virginia Racing Commission",2320.4,2
"2023-09-01 00:00:00-04","Secretary of Natural Resources",1987.48,1
"2023-09-01 00:00:00-04","Commonwealth's Attorneys' Services Council",1911.18,2
"2023-09-01 00:00:00-04","Office of the State Inspector General",1739.12,3
"2023-09-01 00:00:00-04","District 19 Community Services Board",943.06,1
"2023-09-01 00:00:00-04","Motor Vehicle Dealer Board",892.94,1
"2023-09-01 00:00:00-04","Commission for the Arts",675.96,1
"2023-09-01 00:00:00-04","Virginia State Bar",420.36,1
"2023-09-01 00:00:00-04","Puller Veterans Care Center",328.76,3
"2023-09-01 00:00:00-04","Lieutenant Governor",250,1
"2023-09-01 00:00:00-04","Secretary of Veterans and Defense Affairs",208.30,1
"2023-09-01 00:00:00-04","Secretary of Public Safety",69.34,1
"2023-09-01 00:00:00-04","Rapidan Service Authority",0,1
"2023-09-01 00:00:00-04","City of Fredericksburg",0,1
"2023-09-01 00:00:00-04","Washington County Public Schools",0,1
"2023-09-01 00:00:00-04","Chesterfield County",0,1
"2023-09-01 00:00:00-04","Central Virginia Waste Management Authority",0,1
"2023-10-01 00:00:00-04","Virginia Department of Transportation",2141039781.88230,659
"2023-10-01 00:00:00-04","James Madison University",169445543.20,294
"2023-10-01 00:00:00-04","Department of Social Services",66827900.032,131
"2023-10-01 00:00:00-04","Old Dominion University",55667961.2548,77
"2023-10-01 00:00:00-04","College of William & Mary",52983796.1600,304
"2023-10-01 00:00:00-04","University of Virginia",45648544.9750,177
"2023-10-01 00:00:00-04","George Mason University",38220346.3314,156
"2023-10-01 00:00:00-04","Department of General Services",33853356.3840,103
"2023-10-01 00:00:00-04","Virginia Commonwealth University",30073975.0186,405
"2023-10-01 00:00:00-04","Virginia Department of Health",28626065.8558,220
"2023-10-01 00:00:00-04","Department of Military Affairs",27174125.936,78
"2023-10-01 00:00:00-04","Northern Virginia Community College",23123500.904,166
"2023-10-01 00:00:00-04","Department of Medical Assistance Services",21809054.16,17
"2023-10-01 00:00:00-04","Department of Education",21179166.570,77
"2023-10-01 00:00:00-04","Virginia Polytechnic Institute and State University",16623560.4128,566
"2023-10-01 00:00:00-04","Department of Corrections",15410284.7748,150
"2023-10-01 00:00:00-04","Virginia Military Institute",14007872.98194,107
"2023-10-01 00:00:00-04","Virginia Department of Energy",13382215.70,47
"2023-10-01 00:00:00-04","Department of Rail and Public Transportation",12531156.16,18
"2023-10-01 00:00:00-04","Virginia State Police",12433508.114,130
"2023-10-01 00:00:00-04","Department of Behavioral Health and Developmental Services",11671511.578,59
"2023-10-01 00:00:00-04","Science Museum of Virginia",10448741.64388,47
"2023-10-01 00:00:00-04","Department of Motor Vehicles",9723020.952,87
"2023-10-01 00:00:00-04","Virginia State University",8091838.534,156
"2023-10-01 00:00:00-04","Norfolk State University",7978735.3310,108
"2023-10-01 00:00:00-04","Christopher Newport University",5915124.7544,205
"2023-10-01 00:00:00-04","Office of the Attorney General",5792695.288,57
"2023-10-01 00:00:00-04","University of Mary Washington",5475647.27478,115
"2023-10-01 00:00:00-04","Jamestown-Yorktown Foundation",5471855.58,47
"2023-10-01 00:00:00-04","Radford University",4954700.6796,152
"2023-10-01 00:00:00-04","Virginia Alcoholic Beverage Control Authority",4758307.596,28
"2023-10-01 00:00:00-04","Virginia Department of Emergency Management",4521922.54,28
"2023-10-01 00:00:00-04","Virginia Community College System - System Office",4063231.68,38
"2023-10-01 00:00:00-04","Department of Conservation and Recreation",3863443.60,187
"2023-10-01 00:00:00-04","Virginia Peninsula Community College",3290516.990,69
"2023-10-01 00:00:00-04","DOC - Division of Institutions",3016170.54832,67
"2023-10-01 00:00:00-04","State Farm Correctional Center",2968572.5072,24
"2023-10-01 00:00:00-04","Richard Bland College",2923862.120,51
"2023-10-01 00:00:00-04","DOC - Architecture and Engineering",2715380.10,3
"2023-10-01 00:00:00-04","Tidewater Community College",2680194.14808,105
"2023-10-01 00:00:00-04","Virginia Department of Wildlife Resources",2539375.6230,65
"2023-10-01 00:00:00-04","Department of Juvenile Justice",2491215.30,95
"2023-10-01 00:00:00-04","Department of Human Resource Management",2390914.62,8
"2023-10-01 00:00:00-04","Department of Taxation",2386974.1768,22
"2023-10-01 00:00:00-04","Longwood University",2348649.84,73
"2023-10-01 00:00:00-04","Eastern State Hospital",2176339.2650,50
"2023-10-01 00:00:00-04","Department of Criminal Justice Services",2076536.80,38
"2023-10-01 00:00:00-04","Charlottesville City",2031420.64,1
"2023-10-01 00:00:00-04","Division of Community Corrections",2022108.72004,80
"2023-10-01 00:00:00-04","Virginia Department of Agriculture and Consumer Services",1959618.64,62
"2023-10-01 00:00:00-04","Fluvanna Correctional Center",1826259.4492,33
"2023-10-01 00:00:00-04","Department of Health Professions",1706659.826,25
"2023-10-01 00:00:00-04","Reynolds Community College",1658869.330,108
"2023-10-01 00:00:00-04","Department of Housing and Community Development",1504622.20,16
"2023-10-01 00:00:00-04","Central State Hospital",1490625.86,27
"2023-10-01 00:00:00-04","Bay Aging",1460380.90,1
"2023-10-01 00:00:00-04","Catawba Hospital",1456076.54344,78
"2023-10-01 00:00:00-04","Town of Lovettsville",1452556.40,1
"2023-10-01 00:00:00-04","Greensville Correctional Center",1392716.70352,30
"2023-10-01 00:00:00-04","Virginia Museum of Fine Arts",1337785.56,51
"2023-10-01 00:00:00-04","Correctional Enterprises",1218400.4272,55
"2023-10-01 00:00:00-04","Virginia Correctional Center for Women",1190763.8238,20
"2023-10-01 00:00:00-04","Blue Ridge Community College",1183378.58,59
"2023-10-01 00:00:00-04","Department of Forestry",1176112.30,50
"2023-10-01 00:00:00-04","Piedmont Geriatric Hospital",1169898.0116,40
"2023-10-01 00:00:00-04","New River Community College",1158424.0724,59
"2023-10-01 00:00:00-04","Virginia Employment Commission",1122895.40,37
"2023-10-01 00:00:00-04","Department for Aging and Rehabilitative Services",1079738.02,50
"2023-10-01 00:00:00-04","Fort Monroe Authority",1043153.60,15
"2023-10-01 00:00:00-04","Department of Forensic Science",1013792.090,61
"2023-10-01 00:00:00-04","Western State Hospital",1009393.94,55
"2023-10-01 00:00:00-04","Coffeewood Correctional Center",964431.690,33
"2023-10-01 00:00:00-04","Germanna Community College",951436.5158,76
"2023-10-01 00:00:00-04","Roanoke City Government",934968.58,1
"2023-10-01 00:00:00-04","Wallens Ridge Correctional Center",911422.5670,29
"2023-10-01 00:00:00-04","Brightpoint Community College",849886.776,55
"2023-10-01 00:00:00-04","Nottoway Correctional Center",804269.8746,30
"2023-10-01 00:00:00-04","Dillwyn Correctional Center",794242.3692,39
"2023-10-01 00:00:00-04","Virginia Western Community College",780837.4292,61
"2023-10-01 00:00:00-04","Virginia Department for Veterans Services",773335.94,42
"2023-10-01 00:00:00-04","County of Loudoun",770570.86,2
"2023-10-01 00:00:00-04","Laurel Ridge Community College",753664.42,60
"2023-10-01 00:00:00-04","Indian Creek Correctional Center",698080.1962,21
"2023-10-01 00:00:00-04","Wytheville Community College",684677.1870,76
"2023-10-01 00:00:00-04","VA Center for Behavioral Rehabilitation",659376.3332,28
"2023-10-01 00:00:00-04","Dept of Professional and Occupational Regulation",618686.0550,35
"2023-10-01 00:00:00-04","Department of Blind and Vision Impaired",616145.54,49
"2023-10-01 00:00:00-04","Department of Environmental Quality",611016.24,66
"2023-10-01 00:00:00-04","Giles County Public Schools",604220,1
"2023-10-01 00:00:00-04","Rappahannock Community College",601843.074,52
"2023-10-01 00:00:00-04","Sussex I and Sussex II State Prisons Complex",573543.90,27
"2023-10-01 00:00:00-04","Virginia School for the Deaf and the Blind",569397.64,22
"2023-10-01 00:00:00-04","Buckingham Correctional Center",566690.0202,19
"2023-10-01 00:00:00-04","Southside Virginia Community College",538052.60,66
"2023-10-01 00:00:00-04","Virginia Veterans Care Center",537811.22,49
"2023-10-01 00:00:00-04","Town of Bluefield",518240,1
"2023-10-01 00:00:00-04","Haynesville Correctional Center",516407.2672,29
"2023-10-01 00:00:00-04","Pocahantas State Correctional Center",511386.10,21
"2023-10-01 00:00:00-04","City of Lynchburg",510849.72,4
"2023-10-01 00:00:00-04","Marine Resources Commission",495883.02,39
"2023-10-01 00:00:00-04","Bland Correctional Center",490375.18,25
"2023-10-01 00:00:00-04","Department of Corrections - Academy",465855.3746,29
"2023-10-01 00:00:00-04","Keen Mountain Correctional Center",463446.62,26
"2023-10-01 00:00:00-04","Town of Farmville",461332,1
"2023-10-01 00:00:00-04","Department of Historic Resources",452953.40,22
"2023-10-01 00:00:00-04","Southwestern VA Mental Health Institute",436127.50,49
"2023-10-01 00:00:00-04","Deerfield Correctional Center",433347.63650,32
"2023-10-01 00:00:00-04","Lunenburg Correctional Center",430217.330,28
"2023-10-01 00:00:00-04","Department of Labor and Industry",409166.70,19
"2023-10-01 00:00:00-04","St. Brides Correctional Center",342361.184,24
"2023-10-01 00:00:00-04","Henrico County Government",331045.26,5
"2023-10-01 00:00:00-04","Wilson Workforce and Rehabilitation Center",327806.17998,48
"2023-10-01 00:00:00-04","River North Correctional Center",318382.82,26
"2023-10-01 00:00:00-04","Southern Virginia Mental Health Institute",301620.42,47
"2023-10-01 00:00:00-04","Baskerville Correctional Center",292298.86,23
"2023-10-01 00:00:00-04","Southeastern Virginia Training Center",288134.138,52
"2023-10-01 00:00:00-04","Town of Blackstone",281223.08,2
"2023-10-01 00:00:00-04","Spotsylvania County",274996.6,3
"2023-10-01 00:00:00-04","Danville Community College",270746.220,34
"2023-10-01 00:00:00-04","Green Rock Correctional Center",265242.736,20
"2023-10-01 00:00:00-04","Caroline County Schools",241034.42,1
"2023-10-01 00:00:00-04","Southwest Virginia Community College",238037.38,43
"2023-10-01 00:00:00-04","Department of Elections",237607.980,11
"2023-10-01 00:00:00-04","Patrick & Henry Community College",221399.7314,42
"2023-10-01 00:00:00-04","Piedmont VA Community College",212271.74,44
"2023-10-01 00:00:00-04","Red Onion Correctional Center",209340.082,14
"2023-10-01 00:00:00-04","Mountain Empire Community College",201858.25228,39
"2023-10-01 00:00:00-04","Meherrin River Regional Jail",198298.68,1
"2023-10-01 00:00:00-04","Augusta Correctional Center",194350.2314,21
"2023-10-01 00:00:00-04","Chesterfield County",189587.2,2
"2023-10-01 00:00:00-04","Jones & Cabacoy Veterans Care Center",188711.000,26
"2023-10-01 00:00:00-04","A.L. Philpott Manufacturing Extension Partnership",175700,4
"2023-10-01 00:00:00-04","Sitter-Barfoot Veterans Care Center",172816.04,39
"2023-10-01 00:00:00-04","Camp Community College",170229.56,41
"2023-10-01 00:00:00-04","Department of Fire Programs",167076.42,32
"2023-10-01 00:00:00-04","Central Virginia Community College",154004.02,46
"2023-10-01 00:00:00-04","Virginia Information Technologies Agency",148496.52,17
"2023-10-01 00:00:00-04","County of Fairfax",142260.70,1
"2023-10-01 00:00:00-04","Town of Blacksburg",140349.46,2
"2023-10-01 00:00:00-04","Northern Virginia Mental Health Institute",137669.22,14
"2023-10-01 00:00:00-04","Mountain Gateway Community College",125613.14,29
"2023-10-01 00:00:00-04","Western Tidewater Regional Jail",111926,1
"2023-10-01 00:00:00-04","Prince George County",111666,1
"2023-10-01 00:00:00-04","Hanover County",102781.0,3
"2023-10-01 00:00:00-04","Library of Virginia",93924.22,31
"2023-10-01 00:00:00-04","Charles City County",92000,1
"2023-10-01 00:00:00-04","Virginia Highlands Community College",90482.40,39
"2023-10-01 00:00:00-04","Department of Aviation",86384.40,20
"2023-10-01 00:00:00-04","Rappahannock Juvenile Center",77037.10,1
"2023-10-01 00:00:00-04","Town of Orange",75878.8,1
"2023-10-01 00:00:00-04","Indigent Defense Commission",68244.56,21
"2023-10-01 00:00:00-04","Stafford County",66976,1
"2023-10-01 00:00:00-04","Marion Correctional Treatment Center",66013.97382,12
"2023-10-01 00:00:00-04","Department of Accounts",60192.48,8
"2023-10-01 00:00:00-04","Stafford County Public Schools",59905.58,3
"2023-10-01 00:00:00-04","Gloucester County",55020,1
"2023-10-01 00:00:00-04","Workers Compensation Commission",52779.44,12
"2023-10-01 00:00:00-04","Virginia Department for the Deaf and Hard-of-Hearing",49271.20,22
"2023-10-01 00:00:00-04","Virginia Museum of Natural History",39936.344,18
"2023-10-01 00:00:00-04","Office of the State Inspector General",37007.28,3
"2023-10-01 00:00:00-04","Virginia Tourism Corporation",35676.60,7
"2023-10-01 00:00:00-04","Virginia Outdoors Foundation",33200,2
"2023-10-01 00:00:00-04","Office of the Governor",28815.78,7
"2023-10-01 00:00:00-04","Hampton Roads Sanitation District",27909.68,1
"2023-10-01 00:00:00-04","Virginia Economic Development Partnership",26132.14,4
"2023-10-01 00:00:00-04","Western Region Correctional Field Units",26093.14,4
"2023-10-01 00:00:00-04","Eastern Shore Community College",25857.80,22
"2023-10-01 00:00:00-04","Clarke County",23313.76,1
"2023-10-01 00:00:00-04","Virginia Board for People with Disabilities",21353.86,10
"2023-10-01 00:00:00-04","State Council of Higher Education",18575.30,6
"2023-10-01 00:00:00-04","Department of Treasury",17640.60,14
"2023-10-01 00:00:00-04","State Corporation Commission",17639.60,2
"2023-10-01 00:00:00-04","RSW Regional Jail Authority",13774.88,1
"2023-10-01 00:00:00-04","Secretary of Administration",13566.98,7
"2023-10-01 00:00:00-04","Encompass Community Supports",13448.54,2
"2023-10-01 00:00:00-04","District 19 Community Services Board",13424.84,2
"2023-10-01 00:00:00-04","Frontier Culture Museum",12716.00,7
"2023-10-01 00:00:00-04","Virginia Rehabilitation Center for the Blind",12278.04,8
"2023-10-01 00:00:00-04","Albemarle County",7438.4,1
"2023-10-01 00:00:00-04","City of Petersburg",7158.4,1
"2023-10-01 00:00:00-04","Southern Virginia Higher Education",7129.64,3
"2023-10-01 00:00:00-04","Town of Herndon",5680,1
"2023-10-01 00:00:00-04","Auditor of Public Accounts",5432.68,2
"2023-10-01 00:00:00-04","Virginia Cannabis Control Authority",5386.70,2
"2023-10-01 00:00:00-04","Board of Accountancy",4844.12,5
"2023-10-01 00:00:00-04","Albemarle-Charlottesville Regional Jail",4659.44,1
"2023-10-01 00:00:00-04","Greater Richmond Transit Company",4474.90,3
"2023-10-01 00:00:00-04","Department of Planning and Budget",3340.40,4
"2023-10-01 00:00:00-04","Department of Small Business and Supplier Diversity",3051.46,3
"2023-10-01 00:00:00-04","New College Institute",2874.56,3
"2023-10-01 00:00:00-04","Virginia Port Authority",2087.36,1
"2023-10-01 00:00:00-04","Poquoson City Public Schools",1798.80,1
"2023-10-01 00:00:00-04","Tobacco Region Revitalization Commission",1317.74,1
"2023-10-01 00:00:00-04","Virginia Racing Commission",1200,1
"2023-10-01 00:00:00-04","Secretary of Public Safety",1027.76,1
"2023-10-01 00:00:00-04","Secretary of Labor",1007.90,1
"2023-10-01 00:00:00-04","Office of Childrens Services",967.58,2
"2023-10-01 00:00:00-04","Virginia Community College Shared Services Center",900,2
"2023-10-01 00:00:00-04","Virginia State Bar",750.92,2
"2023-10-01 00:00:00-04","Secretary of the Commonwealth",584.36,2
"2023-10-01 00:00:00-04","King William County",573.0,1
"2023-10-01 00:00:00-04","Town of Crewe",568.78,1
"2023-10-01 00:00:00-04","Commonwealth's Attorneys' Services Council",459.96,1
"2023-10-01 00:00:00-04","Motor Vehicle Dealer Board",187.64,1
"2023-10-01 00:00:00-04","Puller Veterans Care Center",134.76,1
"2023-10-01 00:00:00-04","Secretary of Veterans and Defense Affairs",69.68,1
"2023-11-01 00:00:00-04","Virginia Department of Transportation",3001099332.85098,534
"2023-11-01 00:00:00-04","Department of General Services",740442527.42852,98
"2023-11-01 00:00:00-04","University of Virginia",564518247.70504,945
"2023-11-01 00:00:00-04","Department of Social Services",73799453.88,90
"2023-11-01 00:00:00-04","Virginia Military Institute",72772370.79576,101
"2023-11-01 00:00:00-04","Virginia Commonwealth University",52316352.1790,359
"2023-11-01 00:00:00-04","Longwood University",51882725.918,84
"2023-11-01 00:00:00-04","Virginia Community College System - System Office",38619036.02,38
"2023-11-01 00:00:00-04","Department of Conservation and Recreation",29178365.544,189
"2023-11-01 00:00:00-04","George Mason University",27607511.97660,378
"2023-11-01 00:00:00-04","Richard Bland College",26091133.86,49
"2023-11-01 00:00:00-04","Virginia Department of Health",25044594.1458,212
"2023-11-01 00:00:00-04","Department of Military Affairs",22136921.2590,69
"2023-11-01 00:00:00-04","Old Dominion University",21293176.1346,66
"2023-11-01 00:00:00-04","Virginia Information Technologies Agency",19748655.72,13
"2023-11-01 00:00:00-04","James Madison University",17865850.98290,247
"2023-11-01 00:00:00-04","Virginia Polytechnic Institute and State University",17674887.2230,541
"2023-11-01 00:00:00-04","College of William & Mary",13602146.4670,197
"2023-11-01 00:00:00-04","Northern Virginia Community College",13392666.23832,151
"2023-11-01 00:00:00-04","Department of Motor Vehicles",12689944.86,75
"2023-11-01 00:00:00-04","Western State Hospital",9407247.14,44
"2023-11-01 00:00:00-04","Science Museum of Virginia",6187744.02,32
"2023-11-01 00:00:00-04","Virginia State Police",6151334.0790,121
"2023-11-01 00:00:00-04","Reynolds Community College",6089752.16,76
"2023-11-01 00:00:00-04","Department of Behavioral Health and Developmental Services",5915868.52,53
"2023-11-01 00:00:00-04","University of Mary Washington",5136830.640,102
"2023-11-01 00:00:00-04","Department for Aging and Rehabilitative Services",4961274.60,71
"2023-11-01 00:00:00-04","Virginia Regional Transit",4880794,1
"2023-11-01 00:00:00-04","Department of Rail and Public Transportation",4858861.06,15
"2023-11-01 00:00:00-04","Department of Corrections",4648279.6244,124
"2023-11-01 00:00:00-04","Department of Education",4467724.380,44
"2023-11-01 00:00:00-04","Virginia State University",4235332.890,97
"2023-11-01 00:00:00-04","Department of Environmental Quality",4144884.160,44
"2023-11-01 00:00:00-04","Radford University",4047408.7644,117
"2023-11-01 00:00:00-04","Christopher Newport University",4011213.44,177
"2023-11-01 00:00:00-04","Division of Community Corrections",3942033.39202,71
"2023-11-01 00:00:00-04","Virginia Department for Veterans Services",3435762.90,47
"2023-11-01 00:00:00-04","Norfolk State University",3415332.54,88
"2023-11-01 00:00:00-04","Department of Forensic Science",2800377.14070,51
"2023-11-01 00:00:00-04","Virginia Department of Wildlife Resources",2799099.5254,53
"2023-11-01 00:00:00-04","Fort Monroe Authority",2793863.84,9
"2023-11-01 00:00:00-04","Virginia Department of Energy",2657570.09066,43
"2023-11-01 00:00:00-04","DOC - Division of Institutions",2562927.70610,46
"2023-11-01 00:00:00-04","Department of Juvenile Justice",2265135.210,79
"2023-11-01 00:00:00-04","Gunston Hall",1889962,1
"2023-11-01 00:00:00-04","Virginia Department of Emergency Management",1841133.56056,21
"2023-11-01 00:00:00-04","Eastern State Hospital",1802814.896,43
"2023-11-01 00:00:00-04","Department of Medical Assistance Services",1689605.46,13
"2023-11-01 00:00:00-04","Greensville Correctional Center",1505883.22024,35
"2023-11-01 00:00:00-04","Virginia Alcoholic Beverage Control Authority",1501661.26,22
"2023-11-01 00:00:00-04","State Farm Correctional Center",1494841.7248,32
"2023-11-01 00:00:00-04","Department of Taxation",1381230.4968,26
"2023-11-01 00:00:00-04","Virginia Peninsula Community College",1340720.348,48
"2023-11-01 00:00:00-04","STAR Transit",1190624,1
"2023-11-01 00:00:00-04","Tidewater Community College",1162042.48,102
"2023-11-01 00:00:00-04","Southampton County Public Schools",1135976,1
"2023-11-01 00:00:00-04","Germanna Community College",1116967.1358,73
"2023-11-01 00:00:00-04","Fluvanna Correctional Center",1082324.36,26
"2023-11-01 00:00:00-04","Correctional Enterprises",1064323.856,58
"2023-11-01 00:00:00-04","Danville Community College",1029466.320,39
"2023-11-01 00:00:00-04","Marine Resources Commission",992986.00,29
"2023-11-01 00:00:00-04","Department of Forestry",944299.66,78
"2023-11-01 00:00:00-04","Office of the Attorney General",906964.02,39
"2023-11-01 00:00:00-04","Virginia Correctional Center for Women",879328.60,28
"2023-11-01 00:00:00-04","Laurel Ridge Community College",870278.66000,60
"2023-11-01 00:00:00-04","Virginia Department of Agriculture and Consumer Services",806503.98,56
"2023-11-01 00:00:00-04","Virginia Western Community College",806191.984,51
"2023-11-01 00:00:00-04","Augusta Correctional Center",776032.264,23
"2023-11-01 00:00:00-04","Virginia Museum of Fine Arts",759109.20,44
"2023-11-01 00:00:00-04","Jones & Cabacoy Veterans Care Center",753137.50,26
"2023-11-01 00:00:00-04","Central Virginia Waste Management Authority",750000,1
"2023-11-01 00:00:00-04","A.L. Philpott Manufacturing Extension Partnership",728880,7
"2023-11-01 00:00:00-04","Department of Housing and Community Development",727569.970,23
"2023-11-01 00:00:00-04","Wallens Ridge Correctional Center",686987.00,20
"2023-11-01 00:00:00-04","Town of Farmville",622920,1
"2023-11-01 00:00:00-04","Department of Elections",619010.46,9
"2023-11-01 00:00:00-04","Dillwyn Correctional Center",606782.19890,29
"2023-11-01 00:00:00-04","Mountain Gateway Community College",605530.16,27
"2023-11-01 00:00:00-04","Central State Hospital",601944.26,21
"2023-11-01 00:00:00-04","Pocahantas State Correctional Center",577871.32006,15
"2023-11-01 00:00:00-04","Brightpoint Community College",571850.596,59
"2023-11-01 00:00:00-04","State Council of Higher Education",567071.90,14
"2023-11-01 00:00:00-04","Nottoway Correctional Center",546708.796,22
"2023-11-01 00:00:00-04","Haynesville Correctional Center",544545.026,23
"2023-11-01 00:00:00-04","Department of Blind and Vision Impaired",543218.3306,46
"2023-11-01 00:00:00-04","Piedmont Geriatric Hospital",538139.188,31
"2023-11-01 00:00:00-04","Southside Virginia Community College",537631.164,54
"2023-11-01 00:00:00-04","VA Center for Behavioral Rehabilitation",534312.1552,31
"2023-11-01 00:00:00-04","Town of Lovettsville",488262.08,1
"2023-11-01 00:00:00-04","Coffeewood Correctional Center",483341.846,20
"2023-11-01 00:00:00-04","Virginia Veterans Care Center",470916.32,56
"2023-11-01 00:00:00-04","City of Suffolk",470594.48,1
"2023-11-01 00:00:00-04","City of Fairfax",468715.28,1
"2023-11-01 00:00:00-04","Buckingham Correctional Center",464319.504,21
"2023-11-01 00:00:00-04","Keen Mountain Correctional Center",451859.58,30
"2023-11-01 00:00:00-04","Albemarle County",433466.4,3
"2023-11-01 00:00:00-04","Northern Virginia Mental Health Institute",425849.90,15
"2023-11-01 00:00:00-04","Camp Community College",406912.532,32
"2023-11-01 00:00:00-04","Deerfield Correctional Center",404281.7110,32
"2023-11-01 00:00:00-04","Jamestown-Yorktown Foundation",395640.60,33
"2023-11-01 00:00:00-04","Mountain Empire Community College",395032.9690,37
"2023-11-01 00:00:00-04","Southwest Virginia Community College",389257.82,35
"2023-11-01 00:00:00-04","Baskerville Correctional Center",385445.06,18
"2023-11-01 00:00:00-04","River North Correctional Center",382167.72,19
"2023-11-01 00:00:00-04","Southern Virginia Mental Health Institute",375372.876,48
"2023-11-01 00:00:00-04","Library of Virginia",344337.42,22
"2023-11-01 00:00:00-04","Sitter-Barfoot Veterans Care Center",343690.98,37
"2023-11-01 00:00:00-04","Southwestern VA Mental Health Institute",341126.66,41
"2023-11-01 00:00:00-04","Indigent Defense Commission",323957.16,18
"2023-11-01 00:00:00-04","Town of Christiansburg",323002.76,1
"2023-11-01 00:00:00-04","Secretary of Administration",320611.20,7
"2023-11-01 00:00:00-04","Patrick & Henry Community College",306376.00,53
"2023-11-01 00:00:00-04","Central Virginia Community College",280826.18,39
"2023-11-01 00:00:00-04","Catawba Hospital",279401.30,43
"2023-11-01 00:00:00-04","Piedmont VA Community College",279170.60,38
"2023-11-01 00:00:00-04","Town of Bluefield",270000,1
"2023-11-01 00:00:00-04","New River Community College",265795.0394,40
"2023-11-01 00:00:00-04","Department of Fire Programs",245061.68,22
"2023-11-01 00:00:00-04","Red Onion Correctional Center",240823.30,17
"2023-11-01 00:00:00-04","Sussex I and Sussex II State Prisons Complex",235942.82,13
"2023-11-01 00:00:00-04","Bland Correctional Center",224999.24556,22
"2023-11-01 00:00:00-04","Department of Criminal Justice Services",211750.3630,35
"2023-11-01 00:00:00-04","Blue Ridge Community College",208944.3768,41
"2023-11-01 00:00:00-04","Southeastern Virginia Training Center",206344.68148,42
"2023-11-01 00:00:00-04","Green Rock Correctional Center",200598.00,17
"2023-11-01 00:00:00-04","Department of Aviation",187023.54,21
"2023-11-01 00:00:00-04","St. Brides Correctional Center",182008.450,18
"2023-11-01 00:00:00-04","Indian Creek Correctional Center",179733.116,21
"2023-11-01 00:00:00-04","Virginia Employment Commission",178504.06,32
"2023-11-01 00:00:00-04","Henrico County Government",174398.76,2
"2023-11-01 00:00:00-04","Wilson Workforce and Rehabilitation Center",174328.78,26
"2023-11-01 00:00:00-04","Lunenburg Correctional Center",171680.70,15
"2023-11-01 00:00:00-04","Virginia School for the Deaf and the Blind",168525.48,11
"2023-11-01 00:00:00-04","Department of Corrections - Academy",167917.74,18
"2023-11-01 00:00:00-04","Marion Correctional Treatment Center",162427.8650,18
"2023-11-01 00:00:00-04","Wytheville Community College",139033.98,45
"2023-11-01 00:00:00-04","State Compensation Board",136202.64,2
"2023-11-01 00:00:00-04","Virginia Highlands Community College",121048.10,35
"2023-11-01 00:00:00-04","Rappahannock Community College",118081.44,39
"2023-11-01 00:00:00-04","Department of Labor and Industry",117677.84,22
"2023-11-01 00:00:00-04","Workers Compensation Commission",114571.90,15
"2023-11-01 00:00:00-04","Charlottesville City",114267.2,1
"2023-11-01 00:00:00-04","Stafford County",108692,1
"2023-11-01 00:00:00-04","County of Loudoun",108525.72,1
"2023-11-01 00:00:00-04","Bay Aging",108208,1
"2023-11-01 00:00:00-04","Chesterfield County",97368,1
"2023-11-01 00:00:00-04","Department of Historic Resources",80231.00,5
"2023-11-01 00:00:00-04","Department of Health Professions",73923.72,25
"2023-11-01 00:00:00-04","Dept of Professional and Occupational Regulation",66362.52,19
"2023-11-01 00:00:00-04","DOC - Architecture and Engineering",59100,1
"2023-11-01 00:00:00-04","Nelson County Public Schools",58200,1
"2023-11-01 00:00:00-04","Roanoke City Government",55374.48,1
"2023-11-01 00:00:00-04","Eastern Shore Community College",51429.18,18
"2023-11-01 00:00:00-04","Department of Human Resource Management",43496.3912,9
"2023-11-01 00:00:00-04","Virginia Racing Commission",39106,2
"2023-11-01 00:00:00-04","Stafford County Public Schools",38670.58,1
"2023-11-01 00:00:00-04","Virginia Museum of Natural History",38371.50,12
"2023-11-01 00:00:00-04","Virginia Board for People with Disabilities",37144.32,5
"2023-11-01 00:00:00-04","Office of the Governor",28377.22,9
"2023-11-01 00:00:00-04","Frontier Culture Museum",27526.72,7
"2023-11-01 00:00:00-04","Virginia Department for the Deaf and Hard-of-Hearing",26880.96,21
"2023-11-01 00:00:00-04","Department of Treasury",24067.70,14
"2023-11-01 00:00:00-04","Manassas City Public Schools",22644.38,1
"2023-11-01 00:00:00-04","RSW Regional Jail Authority",22571.62,1
"2023-11-01 00:00:00-04","Hanover County",21126.50,1
"2023-11-01 00:00:00-04","Albemarle-Charlottesville Regional Jail",20360.42,1
"2023-11-01 00:00:00-04","State Corporation Commission",19941.62,2
"2023-11-01 00:00:00-04","City of Lynchburg",19166.14,2
"2023-11-01 00:00:00-04","Virginia Cannabis Control Authority",18619.78,3
"2023-11-01 00:00:00-04","Greater Richmond Transit Company",16486.14,7
"2023-11-01 00:00:00-04","Virginia Economic Development Partnership",15348.22,3
"2023-11-01 00:00:00-04","Department of Accounts",15227.78,6
"2023-11-01 00:00:00-04","Virginia Tourism Corporation",15104.80,7
"2023-11-01 00:00:00-04","Encompass Community Supports",14444.40,2
"2023-11-01 00:00:00-04","Tobacco Region Revitalization Commission",8769.0,2
"2023-11-01 00:00:00-04","Department of Small Business and Supplier Diversity",6980.10,4
"2023-11-01 00:00:00-04","Southern Virginia Higher Education",6449.06,3
"2023-11-01 00:00:00-04","Virginia Peninsula Regional Jail",6426.14,1
"2023-11-01 00:00:00-04","New College Institute",5681.30,2
"2023-11-01 00:00:00-04","Poquoson City Public Schools",5237.98,2
"2023-11-01 00:00:00-04","Virginia Rehabilitation Center for the Blind",3410.72,5
"2023-11-01 00:00:00-04","Auditor of Public Accounts",2638.46,3
"2023-11-01 00:00:00-04","Peninsula Airport Commission",2100,1
"2023-11-01 00:00:00-04","Virginia Port Authority",2082.08,2
"2023-11-01 00:00:00-04","District 19 Community Services Board",1890.02,1
"2023-11-01 00:00:00-04","Puller Veterans Care Center",1397.6,2
"2023-11-01 00:00:00-04","Secretary of the Commonwealth",1390.68,2
"2023-11-01 00:00:00-04","Secretary of Public Safety",1270,1
"2023-11-01 00:00:00-04","Secretary of Health and Human Resources",1007.90,1
"2023-11-01 00:00:00-04","Virginia Community College Shared Services Center",1000.64,2
"2023-11-01 00:00:00-04","Board of Accountancy",967.36,4
"2023-11-01 00:00:00-04","Commission for the Arts",812.38,1
"2023-11-01 00:00:00-04","Virginia State Bar",737.70,1
"2023-11-01 00:00:00-04","King William County",573.0,1
"2023-11-01 00:00:00-04","Office of Childrens Services",482.58,2
"2023-11-01 00:00:00-04","City of Williamsburg",453.0,1
"2023-11-01 00:00:00-04","Office of the State Inspector General",325.06,2
"2023-11-01 00:00:00-04","Motor Vehicle Dealer Board",292.94,1
"2023-11-01 00:00:00-04","Commonwealth's Attorneys' Services Council",280.36,1
"2023-11-01 00:00:00-04","Department of Planning and Budget",259.36,1
"2023-11-01 00:00:00-04","Secretary of Veterans and Defense Affairs",136.52,1
"2023-11-01 00:00:00-04","eVA ADMINISTRATION",0,1
"2023-12-01 00:00:00-05","Virginia Department of Transportation",1219215996.65530,504
"2023-12-01 00:00:00-05","James Madison University",194129506.34,229
"2023-12-01 00:00:00-05","University of Virginia",121812095.5672,574
"2023-12-01 00:00:00-05","Department of Social Services",99957552.290,90
"2023-12-01 00:00:00-05","College of William & Mary",82977557.5780,283
"2023-12-01 00:00:00-05","Virginia Military Institute",78458099.5008,107
"2023-12-01 00:00:00-05","Department of General Services",56874269.10784,100
"2023-12-01 00:00:00-05","Department of Behavioral Health and Developmental Services",46625343.96012,43
"2023-12-01 00:00:00-05","Department of Conservation and Recreation",34210496.71566,200
"2023-12-01 00:00:00-05","Old Dominion University",29851275.5156,65
"2023-12-01 00:00:00-05","Virginia Department of Health",28680594.0738,198
"2023-12-01 00:00:00-05","Virginia Polytechnic Institute and State University",26413318.7866,511
"2023-12-01 00:00:00-05","Virginia State Police",22031893.096,120
"2023-12-01 00:00:00-05","Department of Rail and Public Transportation",16612438.82,14
"2023-12-01 00:00:00-05","George Mason University",16397446.10,117
"2023-12-01 00:00:00-05","Department of Military Affairs",16200282.924,61
"2023-12-01 00:00:00-05","Office of the Attorney General",15865548.66,51
"2023-12-01 00:00:00-05","Virginia Department of Emergency Management",12622244.14,24
"2023-12-01 00:00:00-05","Department of Corrections",12032149.35312,118
"2023-12-01 00:00:00-05","Virginia Department of Wildlife Resources",10857096.196,43
"2023-12-01 00:00:00-05","Department of Medical Assistance Services",8924177.88,15
"2023-12-01 00:00:00-05","Northern Virginia Community College",8806908.2996,121
"2023-12-01 00:00:00-05","Department of Juvenile Justice",8635756.68890,97
"2023-12-01 00:00:00-05","Norfolk State University",7039153.62,87
"2023-12-01 00:00:00-05","Virginia State University",6686690.2980,96
"2023-12-01 00:00:00-05","Virginia Commonwealth University",6385177.2894,148
"2023-12-01 00:00:00-05","Division of Community Corrections",5047137.87884,75
"2023-12-01 00:00:00-05","University of Mary Washington",4807178.666,80
"2023-12-01 00:00:00-05","Science Museum of Virginia",4662299.36,44
"2023-12-01 00:00:00-05","Department of Forestry",4590125.04,85
"2023-12-01 00:00:00-05","Department of Blind and Vision Impaired",4450993.56,49
"2023-12-01 00:00:00-05","Department of Education",4007399.6650,38
"2023-12-01 00:00:00-05","Virginia Information Technologies Agency",3871765.76,12
"2023-12-01 00:00:00-05","Department for Aging and Rehabilitative Services",3844297.84,52
"2023-12-01 00:00:00-05","Fluvanna Correctional Center",3435086.35480,23
"2023-12-01 00:00:00-05","Correctional Enterprises",3410795.6456,47
"2023-12-01 00:00:00-05","Department of Housing and Community Development",3395045.790,20
"2023-12-01 00:00:00-05","DOC - Division of Institutions",3260620.33250,50
"2023-12-01 00:00:00-05","Virginia Community College System - System Office",3139980.12,35
"2023-12-01 00:00:00-05","Radford University",2675934.548,123
"2023-12-01 00:00:00-05","Longwood University",2436493.22,54
"2023-12-01 00:00:00-05","Central State Hospital",2414705.46,31
"2023-12-01 00:00:00-05","Germanna Community College",2408173.12,56
"2023-12-01 00:00:00-05","Christopher Newport University",2304421.34,146
"2023-12-01 00:00:00-05","Virginia Alcoholic Beverage Control Authority",1909126.470,23
"2023-12-01 00:00:00-05","Virginia Veterans Care Center",1618780.06,51
"2023-12-01 00:00:00-05","Virginia Department of Energy",1609066.28706,47
"2023-12-01 00:00:00-05","Marine Resources Commission",1601639.48,35
"2023-12-01 00:00:00-05","Virginia Museum of Fine Arts",1599613.92,56
"2023-12-01 00:00:00-05","Buckingham Correctional Center",1461252.36,21
"2023-12-01 00:00:00-05","Department of Taxation",1452693.82,24
"2023-12-01 00:00:00-05","Chesterfield County",1447528.4,3
"2023-12-01 00:00:00-05","State Farm Correctional Center",1426613.90,20
"2023-12-01 00:00:00-05","Sitter-Barfoot Veterans Care Center",1410595.74,26
"2023-12-01 00:00:00-05","Richard Bland College",1349378.28,29
"2023-12-01 00:00:00-05","Office of the State Inspector General",1337239.76,7
"2023-12-01 00:00:00-05","Henrico County Government",1308867.88,3
"2023-12-01 00:00:00-05","Western State Hospital",1254284.98,53
"2023-12-01 00:00:00-05","Virginia Peninsula Community College",1251147.70,44
"2023-12-01 00:00:00-05","Tidewater Community College",1222608.76,89
"2023-12-01 00:00:00-05","Stafford County Public Schools",1209156.08,2
"2023-12-01 00:00:00-05","Prince George County Public Schools",1163048,1
"2023-12-01 00:00:00-05","Piedmont Geriatric Hospital",1136340.3268,38
"2023-12-01 00:00:00-05","Virginia Department of Agriculture and Consumer Services",1105785.02,46
"2023-12-01 00:00:00-05","Mountain Empire Older Citizens",1105618,3
"2023-12-01 00:00:00-05","Department of Motor Vehicles",1084205.70,76
"2023-12-01 00:00:00-05","Department of Environmental Quality",1075769.14,43
"2023-12-01 00:00:00-05","City of Williamsburg",938920.54,2
"2023-12-01 00:00:00-05","District Three Governmental Cooperative",922664,1
"2023-12-01 00:00:00-05","DOC - Architecture and Engineering",882842.94,5
"2023-12-01 00:00:00-05","Southwestern VA Mental Health Institute",868439.28,41
"2023-12-01 00:00:00-05","Virginia Employment Commission",858004.66,37
"2023-12-01 00:00:00-05","Virginia Department for Veterans Services",849904.46,36
"2023-12-01 00:00:00-05","Piedmont VA Community College",844702.2016,30
"2023-12-01 00:00:00-05","Virginia Correctional Center for Women",835954.10,21
"2023-12-01 00:00:00-05","Green Rock Correctional Center",828105.62,20
"2023-12-01 00:00:00-05","Virginia School for the Deaf and the Blind",773535.42,15
"2023-12-01 00:00:00-05","Reynolds Community College",721002.88,73
"2023-12-01 00:00:00-05","Department of Corrections - Academy",709857.64,28
"2023-12-01 00:00:00-05","Bay Aging",680716,1
"2023-12-01 00:00:00-05","New River Community College",665662.9550,45
"2023-12-01 00:00:00-05","Southeastern Virginia Training Center",596876.280,47
"2023-12-01 00:00:00-05","Coffeewood Correctional Center",569175.61808,20
"2023-12-01 00:00:00-05","Greensville Correctional Center",567503.69696,16
"2023-12-01 00:00:00-05","Nottoway Correctional Center",544776.56,19
"2023-12-01 00:00:00-05","VA Center for Behavioral Rehabilitation",542728.40368,25
"2023-12-01 00:00:00-05","Keen Mountain Correctional Center",514452.08,19
"2023-12-01 00:00:00-05","Department of Criminal Justice Services",512597.06,32
"2023-12-01 00:00:00-05","Fort Monroe Authority",487457.14,12
"2023-12-01 00:00:00-05","Jamestown-Yorktown Foundation",471468.756,39
"2023-12-01 00:00:00-05","Eastern State Hospital",451487.76,38
"2023-12-01 00:00:00-05","Deerfield Correctional Center",445223.88,30
"2023-12-01 00:00:00-05","Blue Ridge Community College",436057.84056,36
"2023-12-01 00:00:00-05","Office of the Governor",420311.36,6
"2023-12-01 00:00:00-05","Virginia Western Community College",413733.3264,45
"2023-12-01 00:00:00-05","Haynesville Correctional Center",395963.82,27
"2023-12-01 00:00:00-05","Department of Forensic Science",378225.80,35
"2023-12-01 00:00:00-05","Southwest Virginia Community College",369505.48,29
"2023-12-01 00:00:00-05","Danville Community College",338013.580,33
"2023-12-01 00:00:00-05","Dillwyn Correctional Center",337779.62,22
"2023-12-01 00:00:00-05","Brightpoint Community College",333358.22,43
"2023-12-01 00:00:00-05","Department of Historic Resources",321708.3950,10
"2023-12-01 00:00:00-05","Central Virginia Community College",321446.62,40
"2023-12-01 00:00:00-05","Northern Virginia Mental Health Institute",311089.84,15
"2023-12-01 00:00:00-05","Dept of Professional and Occupational Regulation",297275.90,24
"2023-12-01 00:00:00-05","Laurel Ridge Community College",287663.54,43
"2023-12-01 00:00:00-05","Wallens Ridge Correctional Center",287253.92,19
"2023-12-01 00:00:00-05","Indian Creek Correctional Center",277099.56,16
"2023-12-01 00:00:00-05","Pocahantas State Correctional Center",263662.696,19
"2023-12-01 00:00:00-05","Southern Virginia Mental Health Institute",258370.32,44
"2023-12-01 00:00:00-05","Library of Virginia",248557.82,36
"2023-12-01 00:00:00-05","Department of Small Business and Supplier Diversity",241786.72,8
"2023-12-01 00:00:00-05","Indigent Defense Commission",238042.64,18
"2023-12-01 00:00:00-05","Albemarle County",226172.12,2
"2023-12-01 00:00:00-05","St. Brides Correctional Center",225383.84,18
"2023-12-01 00:00:00-05","Red Onion Correctional Center",213654.76,12
"2023-12-01 00:00:00-05","Mountain Empire Community College",212536.98,24
"2023-12-01 00:00:00-05","Department of Fire Programs",194656.56,28
"2023-12-01 00:00:00-05","Virginia Regional Transit",193268.46,2
"2023-12-01 00:00:00-05","Department of Health Professions",180549.94,23
"2023-12-01 00:00:00-05","River North Correctional Center",179062.38910,19
"2023-12-01 00:00:00-05","Bland Correctional Center",176892.5856,23
"2023-12-01 00:00:00-05","Wytheville Community College",173385.950,32
"2023-12-01 00:00:00-05","Catawba Hospital",173143.68,40
"2023-12-01 00:00:00-05","Baskerville Correctional Center",172205.90,16
"2023-12-01 00:00:00-05","Workers Compensation Commission",170300.92,13
"2023-12-01 00:00:00-05","Southside Virginia Community College",158801.01996,48
"2023-12-01 00:00:00-05","Rappahannock Community College",153839.7608,34
"2023-12-01 00:00:00-05","Portsmouth Redevelopment and Housing Authority",150372,1
"2023-12-01 00:00:00-05","Virginia Cannabis Control Authority",144842.36,2
"2023-12-01 00:00:00-05","Lunenburg Correctional Center",138999.12,20
"2023-12-01 00:00:00-05","Augusta Correctional Center",134548.96,14
"2023-12-01 00:00:00-05","Western Tidewater Community Services Board",128840.46,1
"2023-12-01 00:00:00-05","Jones & Cabacoy Veterans Care Center",126710.34,18
"2023-12-01 00:00:00-05","Marion Correctional Treatment Center",124300.79802,13
"2023-12-01 00:00:00-05","Department of Human Resource Management",123182.28,4
"2023-12-01 00:00:00-05","City of Harrisonburg",113445.74,1
"2023-12-01 00:00:00-05","Sussex I and Sussex II State Prisons Complex",112916.2210,12
"2023-12-01 00:00:00-05","Department of Aviation",110852.94,10
"2023-12-01 00:00:00-05","County of Loudoun",109203.32,2
"2023-12-01 00:00:00-05","Pittsylvania County Public Schools",108020.08,1
"2023-12-01 00:00:00-05","Patrick & Henry Community College",89013.6412,38
"2023-12-01 00:00:00-05","Appalachian Agency for Senior Citizens",76459.92,1
"2023-12-01 00:00:00-05","Wilson Workforce and Rehabilitation Center",71801.43996,24
"2023-12-01 00:00:00-05","Eastern Shore Community College",64482.62,18
"2023-12-01 00:00:00-05","State Council of Higher Education",63917.44,4
"2023-12-01 00:00:00-05","Gunston Hall",61056,1
"2023-12-01 00:00:00-05","Camp Community College",56977.48,17
"2023-12-01 00:00:00-05","Auditor of Public Accounts",52025.96,3
"2023-12-01 00:00:00-05","Richmond Behavioral Health Authority",49769.96,2
"2023-12-01 00:00:00-05","Department of Labor and Industry",47640.56,14
"2023-12-01 00:00:00-05","Mountain Gateway Community College",43288.88,20
"2023-12-01 00:00:00-05","Virginia Highlands Community College",36600.46,22
"2023-12-01 00:00:00-05","Frontier Culture Museum",36112.74,9
"2023-12-01 00:00:00-05","City of Lynchburg",30226.34,3
"2023-12-01 00:00:00-05","RSW Regional Jail Authority",28766.56,1
"2023-12-01 00:00:00-05","Department of Elections",27954.640,5
"2023-12-01 00:00:00-05","Southern Virginia Higher Education",27286.78,3
"2023-12-01 00:00:00-05","Western Region Correctional Field Units",21907.20,1
"2023-12-01 00:00:00-05","Hanover County",21517.50,1
"2023-12-01 00:00:00-05","Department of Treasury",21163.02,9
"2023-12-01 00:00:00-05","Virginia Department for the Deaf and Hard-of-Hearing",18189.02,13
"2023-12-01 00:00:00-05","Encompass Community Supports",16812.42,3
"2023-12-01 00:00:00-05","Virginia Economic Development Partnership",15469.16,4
"2023-12-01 00:00:00-05","Virginia Museum of Natural History",14751.50,9
"2023-12-01 00:00:00-05","Virginia Racing Commission",13246.2,4
"2023-12-01 00:00:00-05","Virginia Tourism Corporation",13208.44,6
"2023-12-01 00:00:00-05","Virginia Board for People with Disabilities",12169.00,6
"2023-12-01 00:00:00-05","Secretary of Administration",11317.02,4
"2023-12-01 00:00:00-05","State Corporation Commission",9688.08,2
"2023-12-01 00:00:00-05","Board of Accountancy",9682.30,7
"2023-12-01 00:00:00-05","Greater Richmond Transit Company",7379.02,3
"2023-12-01 00:00:00-05","Department of Planning and Budget",6875.56,2
"2023-12-01 00:00:00-05","Department of Accounts",4866.64,6
"2023-12-01 00:00:00-05","Charlottesville City",4742,1
"2023-12-01 00:00:00-05","New College Institute",4603.08,2
"2023-12-01 00:00:00-05","Albemarle-Charlottesville Regional Jail",3071.28,1
"2023-12-01 00:00:00-05","District 19 Community Services Board",2998.68,1
"2023-12-01 00:00:00-05","Virginia Community College Shared Services Center",2344.70,2
"2023-12-01 00:00:00-05","State Compensation Board",1929.34,1
"2023-12-01 00:00:00-05","Secretary of Veterans and Defense Affairs",1923.88,1
"2023-12-01 00:00:00-05","Secretary of Labor",1445.10,2
"2023-12-01 00:00:00-05","Motor Vehicle Dealer Board",1428.44,1
"2023-12-01 00:00:00-05","Secretary of Health and Human Resources",1313.4,3
"2023-12-01 00:00:00-05","Tobacco Region Revitalization Commission",1100.30,1
"2023-12-01 00:00:00-05","Virginia Port Authority",948,1
"2023-12-01 00:00:00-05","Secretary of the Commonwealth",907.40,1
"2023-12-01 00:00:00-05","Virginia Rehabilitation Center for the Blind",766.24,2
"2023-12-01 00:00:00-05","Office of Childrens Services",765.98,1
"2023-12-01 00:00:00-05","Puller Veterans Care Center",650.42,2
"2023-12-01 00:00:00-05","Virginia State Bar",461.42,2
"2023-12-01 00:00:00-05","Town of Blackstone",321.2,1
"2024-01-01 00:00:00-05","Virginia Department of Transportation",1598983863.28860,570
"2024-01-01 00:00:00-05","Virginia Information Technologies Agency",322390062.42,23
"2024-01-01 00:00:00-05","Department of General Services",302863425.22556,117
"2024-01-01 00:00:00-05","College of William & Mary",153753606.47150,251
"2024-01-01 00:00:00-05","Department of Medical Assistance Services",120361824.32,18
"2024-01-01 00:00:00-05","Virginia Commonwealth University",87236038.2546,421
"2024-01-01 00:00:00-05","Virginia Department of Health",83666530.04094,213
"2024-01-01 00:00:00-05","Department of Military Affairs",73431516.63196,83
"2024-01-01 00:00:00-05","University of Virginia",67769595.59184,787
"2024-01-01 00:00:00-05","George Mason University",35039229.73082,685
"2024-01-01 00:00:00-05","Department of Behavioral Health and Developmental Services",33946435.5720,53
"2024-01-01 00:00:00-05","Virginia State Police",31841659.0228,139
"2024-01-01 00:00:00-05","Old Dominion University",28216757.42476,72
"2024-01-01 00:00:00-05","Richard Bland College",27995311.872,50
"2024-01-01 00:00:00-05","Department of Rail and Public Transportation",27508352.94,20
"2024-01-01 00:00:00-05","Department of Motor Vehicles",25055323.20016,75
"2024-01-01 00:00:00-05","Department of Corrections",24409919.79034,154
"2024-01-01 00:00:00-05","Norfolk State University",20147864.30,90
"2024-01-01 00:00:00-05","Christopher Newport University",15772033.80,184
"2024-01-01 00:00:00-05","James Madison University",14809897.1412,274
"2024-01-01 00:00:00-05","Virginia Military Institute",14432162.24394,117
"2024-01-01 00:00:00-05","Virginia Department of Wildlife Resources",13853831.5092,74
"2024-01-01 00:00:00-05","Department of Education",13551108.36092,50
"2024-01-01 00:00:00-05","Virginia Polytechnic Institute and State University",12182289.51094,556
"2024-01-01 00:00:00-05","JAUNT",11072735.10,3
"2024-01-01 00:00:00-05","Department of Conservation and Recreation",10720289.964,235
"2024-01-01 00:00:00-05","Fort Monroe Authority",9172229.90,10
"2024-01-01 00:00:00-05","Hampton Roads Transit",8693120,1
"2024-01-01 00:00:00-05","Department of Environmental Quality",7666583.22,60
"2024-01-01 00:00:00-05","Department of Social Services",7113748.12,70
"2024-01-01 00:00:00-05","Northern Virginia Community College",6729058.96476,123
"2024-01-01 00:00:00-05","Virginia State University",6381433.1850,130
"2024-01-01 00:00:00-05","Virginia Department of Agriculture and Consumer Services",5822896.8650,65
"2024-01-01 00:00:00-05","Department of Forestry",5643481.7856,125
"2024-01-01 00:00:00-05","University of Mary Washington",5396146.48,73
"2024-01-01 00:00:00-05","Virginia Alcoholic Beverage Control Authority",5283327.64,28
"2024-01-01 00:00:00-05","Virginia Museum of Fine Arts",4917467.68,57
"2024-01-01 00:00:00-05","Science Museum of Virginia",4758039.10,42
"2024-01-01 00:00:00-05","Radford University",4732935.400,143
"2024-01-01 00:00:00-05","Department for Aging and Rehabilitative Services",4002415.1632,85
"2024-01-01 00:00:00-05","Office of the Attorney General",3961255.48,62
"2024-01-01 00:00:00-05","Department of Juvenile Justice",3508635.26008,85
"2024-01-01 00:00:00-05","Division of Community Corrections",3028711.1870,74
"2024-01-01 00:00:00-05","Library of Virginia",3024361.98,37
"2024-01-01 00:00:00-05","Correctional Enterprises",2815205.3842,57
"2024-01-01 00:00:00-05","Virginia Community College System - System Office",2774561.78,37
"2024-01-01 00:00:00-05","Sitter-Barfoot Veterans Care Center",2532462.98,34
"2024-01-01 00:00:00-05","Frederick County Public Schools",2353053.40,2
"2024-01-01 00:00:00-05","DOC - Division of Institutions",2204052.67000,59
"2024-01-01 00:00:00-05","Department of Taxation",2193208.47752,23
"2024-01-01 00:00:00-05","Tidewater Community College",2115335.82,94
"2024-01-01 00:00:00-05","Unified Human Services Transportation Systems, Inc.",1793588,1
"2024-01-01 00:00:00-05","Buckingham Correctional Center",1732807.0970,38
"2024-01-01 00:00:00-05","County of Loudoun",1692471.24,4
"2024-01-01 00:00:00-05","Central State Hospital",1691604.46,36
"2024-01-01 00:00:00-05","Virginia Department of Emergency Management",1617802.24,15
"2024-01-01 00:00:00-05","Virginia Department of Energy",1567644.550,39
"2024-01-01 00:00:00-05","Germanna Community College",1552911.596,47
"2024-01-01 00:00:00-05","Coffeewood Correctional Center",1459313.86,40
"2024-01-01 00:00:00-05","Virginia Veterans Care Center",1382685.72,59
"2024-01-01 00:00:00-05","Virginia Department for Veterans Services",1318671.58,43
"2024-01-01 00:00:00-05","Laurel Ridge Community College",1318074.92,56
"2024-01-01 00:00:00-05","Southwestern VA Mental Health Institute",1317569.12,51
"2024-01-01 00:00:00-05","Department of Criminal Justice Services",1299764.34,43
"2024-01-01 00:00:00-05","Department of Blind and Vision Impaired",1257846.710,52
"2024-01-01 00:00:00-05","Department of Elections",1212195.620,11
"2024-01-01 00:00:00-05","Greensville Correctional Center",1187228.88,27
"2024-01-01 00:00:00-05","Virginia Western Community College",1132368.8196,70
"2024-01-01 00:00:00-05","State Farm Correctional Center",1128979.4448,32
"2024-01-01 00:00:00-05","Marine Resources Commission",1115827.30,43
"2024-01-01 00:00:00-05","Eastern State Hospital",1041721.88,48
"2024-01-01 00:00:00-05","Reynolds Community College",993407.76,67
"2024-01-01 00:00:00-05","Nottoway Correctional Center",879978.3370,23
"2024-01-01 00:00:00-05","Brightpoint Community College",878285.56052,44
"2024-01-01 00:00:00-05","Virginia Department for the Deaf and Hard-of-Hearing",868295.36,22
"2024-01-01 00:00:00-05","Catawba Hospital",826445.15360,56
"2024-01-01 00:00:00-05","Department of Treasury",799847.48,24
"2024-01-01 00:00:00-05","Longwood University",789893.74,68
"2024-01-01 00:00:00-05","Piedmont Geriatric Hospital",784155.7744,27
"2024-01-01 00:00:00-05","Red Onion Correctional Center",781289.0970,20
"2024-01-01 00:00:00-05","Virginia Correctional Center for Women",736136.0770,27
"2024-01-01 00:00:00-05","New River Community College",708226.224,44
"2024-01-01 00:00:00-05","Stafford County Public Schools",703677.24,3
"2024-01-01 00:00:00-05","Jamestown-Yorktown Foundation",672750.812,41
"2024-01-01 00:00:00-05","Keen Mountain Correctional Center",666968.98,28
"2024-01-01 00:00:00-05","Southside Virginia Community College",650585.30088,42
"2024-01-01 00:00:00-05","Danville Community College",644052.120,45
"2024-01-01 00:00:00-05","Wallens Ridge Correctional Center",633680.22,24
"2024-01-01 00:00:00-05","Haynesville Correctional Center",623133.5446,19
"2024-01-01 00:00:00-05","VA Center for Behavioral Rehabilitation",602409.0412,30
"2024-01-01 00:00:00-05","Sussex I and Sussex II State Prisons Complex",543525.84,20
"2024-01-01 00:00:00-05","Virginia Peninsula Community College",534401.44,58
"2024-01-01 00:00:00-05","Department of Corrections - Academy",501837.10,21
"2024-01-01 00:00:00-05","Deerfield Correctional Center",498983.6790,28
"2024-01-01 00:00:00-05","Department of Labor and Industry",486015.18,21
"2024-01-01 00:00:00-05","Dillwyn Correctional Center",482848.974,27
"2024-01-01 00:00:00-05","Rappahannock Community College",474987.5200,48
"2024-01-01 00:00:00-05","Richmond Behavioral Health Authority",472707.28,2
"2024-01-01 00:00:00-05","Department of Forensic Science",456320.4232,56
"2024-01-01 00:00:00-05","Lunenburg Correctional Center",453601.76,21
"2024-01-01 00:00:00-05","Southeastern Virginia Training Center",436605.0636,61
"2024-01-01 00:00:00-05","Western State Hospital",429474.140,39
"2024-01-01 00:00:00-05","Southern Virginia Mental Health Institute",420046.016,49
"2024-01-01 00:00:00-05","Department of Fire Programs",419237.66,31
"2024-01-01 00:00:00-05","Dept of Professional and Occupational Regulation",417234.50,25
"2024-01-01 00:00:00-05","Mountain Gateway Community College",416058.168,27
"2024-01-01 00:00:00-05","Southwest Virginia Community College",414024.26,38
"2024-01-01 00:00:00-05","Wytheville Community College",412173.80,48
"2024-01-01 00:00:00-05","Fluvanna Correctional Center",405498.22,23
"2024-01-01 00:00:00-05","Bland Correctional Center",405495.54538,22
"2024-01-01 00:00:00-05","Indian Creek Correctional Center",401363.7408,18
"2024-01-01 00:00:00-05","Piedmont VA Community College",390491.22,35
"2024-01-01 00:00:00-05","Camp Community College",389830.38,40
"2024-01-01 00:00:00-05","Mountain Empire Community College",384780.45630,31
"2024-01-01 00:00:00-05","Green Rock Correctional Center",370024.9570,23
"2024-01-01 00:00:00-05","Virginia School for the Deaf and the Blind",324098.64,30
"2024-01-01 00:00:00-05","Metropolitan Washington Airports Authority",308791.04,1
"2024-01-01 00:00:00-05","Department of Housing and Community Development",304407.034,23
"2024-01-01 00:00:00-05","Blue Ridge Community College",294706.08,49
"2024-01-01 00:00:00-05","Central Virginia Community College",289662.5972,34
"2024-01-01 00:00:00-05","River North Correctional Center",279730.630,24
"2024-01-01 00:00:00-05","Fauquier County",279152,1
"2024-01-01 00:00:00-05","City of Lynchburg",273931.84,2
"2024-01-01 00:00:00-05","Augusta Correctional Center",271381.84,17
"2024-01-01 00:00:00-05","City of Salem",263626,1
"2024-01-01 00:00:00-05","Eastern Shore Community College",252512.40,15
"2024-01-01 00:00:00-05","Virginia Employment Commission",252228.72,40
"2024-01-01 00:00:00-05","A.L. Philpott Manufacturing Extension Partnership",241900,3
"2024-01-01 00:00:00-05","Pocahantas State Correctional Center",220977.26,18
"2024-01-01 00:00:00-05","Marion Correctional Treatment Center",219809.5170,26
"2024-01-01 00:00:00-05","Department of Human Resource Management",216044.46,17
"2024-01-01 00:00:00-05","Virginia Highlands Community College",187304.48,39
"2024-01-01 00:00:00-05","Secretary of Administration",186783.02,8
"2024-01-01 00:00:00-05","Wilson Workforce and Rehabilitation Center",184862.44398,33
"2024-01-01 00:00:00-05","DOC - Architecture and Engineering",184498.04,2
"2024-01-01 00:00:00-05","Department of Aviation",174065.88,17
"2024-01-01 00:00:00-05","Patrick & Henry Community College",169700.4896,46
"2024-01-01 00:00:00-05","Department of Health Professions",161353.30,27
"2024-01-01 00:00:00-05","Office of the State Inspector General",160379.52,12
"2024-01-01 00:00:00-05","Rappahannock Juvenile Center",159384,1
"2024-01-01 00:00:00-05","Northern Virginia Mental Health Institute",157652.42,23
"2024-01-01 00:00:00-05","Workers Compensation Commission",157569.06,14
"2024-01-01 00:00:00-05","St. Brides Correctional Center",151938.72,16
"2024-01-01 00:00:00-05","Baskerville Correctional Center",151156.58,18
"2024-01-01 00:00:00-05","Henrico County Government",140054.4,2
"2024-01-01 00:00:00-05","Stafford County",139041.2,2
"2024-01-01 00:00:00-05","Jones & Cabacoy Veterans Care Center",138093.62,23
"2024-01-01 00:00:00-05","State Compensation Board",122689.30,2
"2024-01-01 00:00:00-05","Henry County",116091.6,1
"2024-01-01 00:00:00-05","Department of Historic Resources",110213.54,19
"2024-01-01 00:00:00-05","Virginia Community College Shared Services Center",104167.38,6
"2024-01-01 00:00:00-05","Indigent Defense Commission",103491.22,14
"2024-01-01 00:00:00-05","Charlottesville City",102840.84,1
"2024-01-01 00:00:00-05","Department of Small Business and Supplier Diversity",89578.22,6
"2024-01-01 00:00:00-05","District 19 Community Services Board",84508.90,2
"2024-01-01 00:00:00-05","Pittsylvania County Public Schools",78916.62,1
"2024-01-01 00:00:00-05","State Council of Higher Education",76052.16,12
"2024-01-01 00:00:00-05","Office of Childrens Services",75999.010,9
"2024-01-01 00:00:00-05","Franklin County",72626.4,1
"2024-01-01 00:00:00-05","Auditor of Public Accounts",63271.36,4
"2024-01-01 00:00:00-05","Virginia Economic Development Partnership",50068.64,5
"2024-01-01 00:00:00-05","Town of Lovettsville",42623.58,1
"2024-01-01 00:00:00-05","Virginia Museum of Natural History",41011.24,19
"2024-01-01 00:00:00-05","Virginia Board for People with Disabilities",33568.3720,7
"2024-01-01 00:00:00-05","Pittsylvania County",32616,2
"2024-01-01 00:00:00-05","Virginia State Bar",30592.28,2
"2024-01-01 00:00:00-05","Clarke County",30381.66,2
"2024-01-01 00:00:00-05","State Corporation Commission",26851.34,3
"2024-01-01 00:00:00-05","Frontier Culture Museum",23379.04,8
"2024-01-01 00:00:00-05","Virginia Outdoors Foundation",19890.4,2
"2024-01-01 00:00:00-05","RSW Regional Jail Authority",19379.68,1
"2024-01-01 00:00:00-05","Office of the Governor",18890.00,5
"2024-01-01 00:00:00-05","Virginia Tourism Corporation",18824.28,9
"2024-01-01 00:00:00-05","Virginia Rehabilitation Center for the Blind",16254.24,6
"2024-01-01 00:00:00-05","Greater Richmond Transit Company",14777.54,6
"2024-01-01 00:00:00-05","City of Petersburg",14316.8,1
"2024-01-01 00:00:00-05","Department of Accounts",13412.40,7
"2024-01-01 00:00:00-05","Peninsula Airport Commission",13077.38,1
"2024-01-01 00:00:00-05","Encompass Community Supports",12654.94,2
"2024-01-01 00:00:00-05","Poquoson City Public Schools",10524.48,2
"2024-01-01 00:00:00-05","Secretary of the Commonwealth",9049.18,5
"2024-01-01 00:00:00-05","Virginia Racing Commission",7967.4,3
"2024-01-01 00:00:00-05","Albemarle County",7438.4,1
"2024-01-01 00:00:00-05","Southern Virginia Higher Education",6925.94,2
"2024-01-01 00:00:00-05","New College Institute",5949.60,3
"2024-01-01 00:00:00-05","Virginia Cannabis Control Authority",5400,1
"2024-01-01 00:00:00-05","Board of Accountancy",5263.38,7
"2024-01-01 00:00:00-05","Virginia Port Authority",5002.54,2
"2024-01-01 00:00:00-05","Tobacco Region Revitalization Commission",3150.34,3
"2024-01-01 00:00:00-05","Commission for the Arts",1184.68,1
"2024-01-01 00:00:00-05","Secretary of Health and Human Resources",1007.90,1
"2024-01-01 00:00:00-05","Secretary of Public Safety",912,1
"2024-01-01 00:00:00-05","Puller Veterans Care Center",343.60,3
"2024-01-01 00:00:00-05","Motor Vehicle Dealer Board",323.36,1
"2024-01-01 00:00:00-05","Department of Planning and Budget",163.24,1
"2024-01-01 00:00:00-05","Commonwealth's Attorneys' Services Council",93.42,1
"2024-01-01 00:00:00-05","Lieutenant Governor",37.08,1
"2024-02-01 00:00:00-05","Virginia Department of Transportation",4339318202.270860,656
"2024-02-01 00:00:00-05","University of Virginia",485809872.691640,634
"2024-02-01 00:00:00-05","Department of Social Services",153917548.38,109
"2024-02-01 00:00:00-05","Christopher Newport University",149150442.1810,215
"2024-02-01 00:00:00-05","College of William & Mary",137279744.1598,270
"2024-02-01 00:00:00-05","Department of Education",88211598.80074,71
"2024-02-01 00:00:00-05","Department of Military Affairs",78463223.884,93
"2024-02-01 00:00:00-05","Virginia Department of Health",71800643.03010,230
"2024-02-01 00:00:00-05","Virginia Commonwealth University",35350536.1534,374
"2024-02-01 00:00:00-05","Department of Rail and Public Transportation",25443569.44,17
"2024-02-01 00:00:00-05","George Mason University",21455500.5216,309
"2024-02-01 00:00:00-05","Department of General Services",20831373.647880,107
"2024-02-01 00:00:00-05","Virginia Polytechnic Institute and State University",20466525.7038,609
"2024-02-01 00:00:00-05","Department of Corrections",20213086.996420,158
"2024-02-01 00:00:00-05","Chesterfield County",19428071.80,5
"2024-02-01 00:00:00-05","Virginia State University",19356818.364700,138
"2024-02-01 00:00:00-05","University of Mary Washington",16444800.32,121
"2024-02-01 00:00:00-05","Department of Behavioral Health and Developmental Services",15861216.027120,33
"2024-02-01 00:00:00-05","Old Dominion University",15344213.304,76
"2024-02-01 00:00:00-05","James Madison University",11638814.16,289
"2024-02-01 00:00:00-05","Department of Environmental Quality",11328929.44,72
"2024-02-01 00:00:00-05","Virginia State Police",9878758.7800,146
"2024-02-01 00:00:00-05","Northern Virginia Community College",9548805.58,152
"2024-02-01 00:00:00-05","Norfolk State University",9487830.9468,117
"2024-02-01 00:00:00-05","DOC - Architecture and Engineering",8819646.66,5
"2024-02-01 00:00:00-05","Virginia Community College System - System Office",8270244.92,44
"2024-02-01 00:00:00-05","Radford University",6857105.4240,153
"2024-02-01 00:00:00-05","Tidewater Community College",6171026.14,114
"2024-02-01 00:00:00-05","Department of Conservation and Recreation",5924735.443760,293
"2024-02-01 00:00:00-05","Virginia Department of Emergency Management",5887347.340020,21
"2024-02-01 00:00:00-05","Department of Blind and Vision Impaired",5807625.5640,70
"2024-02-01 00:00:00-05","Department of Motor Vehicles",4889550.54,83
"2024-02-01 00:00:00-05","Greensville Correctional Center",4529918.532420,35
"2024-02-01 00:00:00-05","DOC - Division of Institutions",4361709.408900,75
"2024-02-01 00:00:00-05","Division of Community Corrections",4177731.7036,85
"2024-02-01 00:00:00-05","Richard Bland College",4115128.04,58
"2024-02-01 00:00:00-05","Department of Juvenile Justice",3889094.32,100
"2024-02-01 00:00:00-05","Department of Human Resource Management",3741617.32,23
"2024-02-01 00:00:00-05","State Farm Correctional Center",3533621.449900,35
"2024-02-01 00:00:00-05","New River Community College",2910056.8190,57
"2024-02-01 00:00:00-05","Department of Accounts",2823049.00,8
"2024-02-01 00:00:00-05","Virginia Information Technologies Agency",2592165.78,12
"2024-02-01 00:00:00-05","Virginia Veterans Care Center",2468891.58,33
"2024-02-01 00:00:00-05","Virginia Alcoholic Beverage Control Authority",2401807.2800,18
"2024-02-01 00:00:00-05","Virginia School for the Deaf and the Blind",2322806.54,23
"2024-02-01 00:00:00-05","Virginia Department of Energy",2293720.3792,42
"2024-02-01 00:00:00-05","Rappahannock Community College",2267182.320,50
"2024-02-01 00:00:00-05","Sitter-Barfoot Veterans Care Center",2150837.18,34
"2024-02-01 00:00:00-05","Virginia Correctional Center for Women",2119244.76,30
"2024-02-01 00:00:00-05","Virginia Department of Agriculture and Consumer Services",2044936.9450,64
"2024-02-01 00:00:00-05","Central Virginia Community College",2044513.916180,56
"2024-02-01 00:00:00-05","Virginia Military Institute",1965242.964680,113
"2024-02-01 00:00:00-05","Correctional Enterprises",1764967.457280,47
"2024-02-01 00:00:00-05","Longwood University",1764139.20,77
"2024-02-01 00:00:00-05","Virginia Department of Wildlife Resources",1709209.6192,78
"2024-02-01 00:00:00-05","Science Museum of Virginia",1648584.4850,42
"2024-02-01 00:00:00-05","Department of Health Professions",1608794.1600,34
"2024-02-01 00:00:00-05","JAUNT",1523558.80,3
"2024-02-01 00:00:00-05","Virginia Department for Veterans Services",1386240.5490,48
"2024-02-01 00:00:00-05","Piedmont Geriatric Hospital",1304833.7432,37
"2024-02-01 00:00:00-05","Virginia Peninsula Community College",1283052.80,54
"2024-02-01 00:00:00-05","Virginia Western Community College",1226098.4794,73
"2024-02-01 00:00:00-05","Wilson Workforce and Rehabilitation Center",1194170.510980,45
"2024-02-01 00:00:00-05","Virginia Museum of Fine Arts",1146995.96,65
"2024-02-01 00:00:00-05","Bay Aging",1111455.44,1
"2024-02-01 00:00:00-05","Nottoway Correctional Center",1077107.3400,34
"2024-02-01 00:00:00-05","Central State Hospital",1029934.7252,34
"2024-02-01 00:00:00-05","Department of Medical Assistance Services",1026140.5600,23
"2024-02-01 00:00:00-05","Reynolds Community College",1023457.186,85
"2024-02-01 00:00:00-05","Buckingham Correctional Center",1005114.44,31
"2024-02-01 00:00:00-05","Germanna Community College",979002.34,65
"2024-02-01 00:00:00-05","Red Onion Correctional Center",924643.88,24
"2024-02-01 00:00:00-05","Southwestern VA Mental Health Institute",923831.94,48
"2024-02-01 00:00:00-05","Brightpoint Community College",916836.9960,59
"2024-02-01 00:00:00-05","Department of Housing and Community Development",883831.0370,21
"2024-02-01 00:00:00-05","Appalachian Agency for Senior Citizens",865902,1
"2024-02-01 00:00:00-05","Department of Corrections - Academy",837483.68,47
"2024-02-01 00:00:00-05","Laurel Ridge Community College",806099.42,54
"2024-02-01 00:00:00-05","Department for Aging and Rehabilitative Services",804392.370,52
"2024-02-01 00:00:00-05","Virginia Outdoors Foundation",801060,3
"2024-02-01 00:00:00-05","Department of Fire Programs",797081.239960,35
"2024-02-01 00:00:00-05","Jamestown-Yorktown Foundation",781666.94002,44
"2024-02-01 00:00:00-05","Keen Mountain Correctional Center",750024.710,25
"2024-02-01 00:00:00-05","Department of Criminal Justice Services",744574.3970,41
"2024-02-01 00:00:00-05","Catawba Hospital",743743.529380,52
"2024-02-01 00:00:00-05","Hampton Roads Planning District Commission",729228,1
"2024-02-01 00:00:00-05","Deerfield Correctional Center",686028.64,24
"2024-02-01 00:00:00-05","Department of Forestry",683591.5700,114
"2024-02-01 00:00:00-05","Bland Correctional Center",664007.794240,21
"2024-02-01 00:00:00-05","Office of the Attorney General",652879.6100,49
"2024-02-01 00:00:00-05","Department of Forensic Science",640719.78252,57
"2024-02-01 00:00:00-05","Fluvanna Correctional Center",617692.3320,25
"2024-02-01 00:00:00-05","Danville Community College",613445.6600,39
"2024-02-01 00:00:00-05","VA Center for Behavioral Rehabilitation",587041.9448,30
"2024-02-01 00:00:00-05","Camp Community College",567845.14,34
"2024-02-01 00:00:00-05","Southern Virginia Mental Health Institute",562415.88,53
"2024-02-01 00:00:00-05","Green Rock Correctional Center",540896.88,18
"2024-02-01 00:00:00-05","Piedmont VA Community College",529577.14,37
"2024-02-01 00:00:00-05","Eastern Shore Community College",520983.44,22
"2024-02-01 00:00:00-05","Southeastern Virginia Training Center",505924.8640,56
"2024-02-01 00:00:00-05","Mountain Empire Community College",488964.14150,35
"2024-02-01 00:00:00-05","Department of Aviation",447917.48,18
"2024-02-01 00:00:00-05","A.L. Philpott Manufacturing Extension Partnership",443258,6
"2024-02-01 00:00:00-05","Virginia State Lottery",434750,1
"2024-02-01 00:00:00-05","Virginia Employment Commission",428070.86,32
"2024-02-01 00:00:00-05","Southside Virginia Community College",418953.608,52
"2024-02-01 00:00:00-05","Indian Creek Correctional Center",416265.0320,18
"2024-02-01 00:00:00-05","Marine Resources Commission",414626.30,36
"2024-02-01 00:00:00-05","Southwest Virginia Community College",412447.58,40
"2024-02-01 00:00:00-05","Dillwyn Correctional Center",411911.16,33
"2024-02-01 00:00:00-05","Western Tidewater Community Services Board",409540,1
"2024-02-01 00:00:00-05","Coffeewood Correctional Center",408332.78,22
"2024-02-01 00:00:00-05","Eastern State Hospital",405427.38,38
"2024-02-01 00:00:00-05","Wallens Ridge Correctional Center",385651.66,25
"2024-02-01 00:00:00-05","Department of Taxation",378185.685620,19
"2024-02-01 00:00:00-05","Haynesville Correctional Center",359014.70,33
"2024-02-01 00:00:00-05","Colonial Behavioral Health",357584.50,2
"2024-02-01 00:00:00-05","Department of Treasury",338209.6280,30
"2024-02-01 00:00:00-05","Western State Hospital",334816.54,44
"2024-02-01 00:00:00-05","Wytheville Community College",324480.28,52
"2024-02-01 00:00:00-05","Augusta Correctional Center",318596.50,16
"2024-02-01 00:00:00-05","State Council of Higher Education",310843.28,17
"2024-02-01 00:00:00-05","Blue Ridge Community College",298085.34,51
"2024-02-01 00:00:00-05","St. Brides Correctional Center",284019.92,21
"2024-02-01 00:00:00-05","Lake Country Area Agency on Aging",281104,1
"2024-02-01 00:00:00-05","Department of Labor and Industry",281036.02,30
"2024-02-01 00:00:00-05","Department of Small Business and Supplier Diversity",274440.62,6
"2024-02-01 00:00:00-05","Library of Virginia",254049.72,28
"2024-02-01 00:00:00-05","Virginia Highlands Community College",252698.76,28
"2024-02-01 00:00:00-05","Indigent Defense Commission",243327.20,21
"2024-02-01 00:00:00-05","Pocahantas State Correctional Center",225704.38,17
"2024-02-01 00:00:00-05","Patrick & Henry Community College",213400.9670,37
"2024-02-01 00:00:00-05","Baskerville Correctional Center",210073.4350,25
"2024-02-01 00:00:00-05","River North Correctional Center",203625.34,18
"2024-02-01 00:00:00-05","Town of Blackstone",195576,1
"2024-02-01 00:00:00-05","Metropolitan Washington Airports Authority",190378.88,1
"2024-02-01 00:00:00-05","Mountain Empire Older Citizens",174304,2
"2024-02-01 00:00:00-05","Department of Elections",166771.20,10
"2024-02-01 00:00:00-05","Dept of Professional and Occupational Regulation",151112.74,22
"2024-02-01 00:00:00-05","Northern Virginia Mental Health Institute",134809.08,19
"2024-02-01 00:00:00-05","Virginia Museum of Natural History",132888.00,20
"2024-02-01 00:00:00-05","State Corporation Commission",109701.54,3
"2024-02-01 00:00:00-05","Sussex I and Sussex II State Prisons Complex",107887.42,11
"2024-02-01 00:00:00-05","Caroline County Schools",102865.20,1
"2024-02-01 00:00:00-05","Jones & Cabacoy Veterans Care Center",101974.12,17
"2024-02-01 00:00:00-05","Hampton Newport News CSB",101404,1
"2024-02-01 00:00:00-05","Lunenburg Correctional Center",98630.7900,18
"2024-02-01 00:00:00-05","Marion Correctional Treatment Center",95753.16,21
"2024-02-01 00:00:00-05","County of Loudoun",91817.42,2
"2024-02-01 00:00:00-05","Scott County",76869.70,1
"2024-02-01 00:00:00-05","Fort Monroe Authority",76230.74,8
"2024-02-01 00:00:00-05","Virginia Board for People with Disabilities",66064.4250,11
"2024-02-01 00:00:00-05","Stafford County Public Schools",55341.52,1
"2024-02-01 00:00:00-05","Mountain Gateway Community College",49394.80,24
"2024-02-01 00:00:00-05","Virginia Economic Development Partnership",45187.12,4
"2024-02-01 00:00:00-05","Henrico County Government",44347.52,1
"2024-02-01 00:00:00-05","Frontier Culture Museum",42033.66,14
"2024-02-01 00:00:00-05","Auditor of Public Accounts",35812.46,5
"2024-02-01 00:00:00-05","Secretary of Administration",33652.80,7
"2024-02-01 00:00:00-05","Virginia Cannabis Control Authority",26625.7300,3
"2024-02-01 00:00:00-05","Office of Childrens Services",20260.86,3
"2024-02-01 00:00:00-05","Virginia Department for the Deaf and Hard-of-Hearing",19776.5700,21
"2024-02-01 00:00:00-05","RSW Regional Jail Authority",13718.02,1
"2024-02-01 00:00:00-05","Workers Compensation Commission",13489.10,9
"2024-02-01 00:00:00-05","City of Lynchburg",12385.52,3
"2024-02-01 00:00:00-05","Virginia Rehabilitation Center for the Blind",11985.78,7
"2024-02-01 00:00:00-05","New College Institute",11138.80,1
"2024-02-01 00:00:00-05","Virginia Community College Shared Services Center",9445.94,5
"2024-02-01 00:00:00-05","Encompass Community Supports",8808.84,2
"2024-02-01 00:00:00-05","Greater Richmond Transit Company",7445.032,5
"2024-02-01 00:00:00-05","Office of the State Inspector General",6996.08,3
"2024-02-01 00:00:00-05","Poquoson City Public Schools",6916.48,2
"2024-02-01 00:00:00-05","Board of Accountancy",5266.14,7
"2024-02-01 00:00:00-05","City of Fairfax",5222.10,1
"2024-02-01 00:00:00-05","Department of Historic Resources",4633.98,10
"2024-02-01 00:00:00-05","Office of the Governor",4319.18,3
"2024-02-01 00:00:00-05","Clarke County",3719.20,1
"2024-02-01 00:00:00-05","Virginia Racing Commission",2789.08,3
"2024-02-01 00:00:00-05","Virginia Tourism Corporation",2633.40,6
"2024-02-01 00:00:00-05","Puller Veterans Care Center",2391.90,3
"2024-02-01 00:00:00-05","Commonwealth's Attorneys' Services Council",1738.62,2
"2024-02-01 00:00:00-05","Tobacco Region Revitalization Commission",1471.78,3
"2024-02-01 00:00:00-05","Town of Front Royal",791.80,2
"2024-02-01 00:00:00-05","Secretary of Health and Human Resources",593.58,1
"2024-02-01 00:00:00-05","Virginia State Bar",578.70,2
"2024-02-01 00:00:00-05","Veterans Services Foundation",500,1
"2024-02-01 00:00:00-05","Virginia Port Authority",440.62,2
"2024-02-01 00:00:00-05","Motor Vehicle Dealer Board",210.08,1
"2024-02-01 00:00:00-05","County of Fairfax",197.52,1
"2024-02-01 00:00:00-05","Lieutenant Governor",104.66,1
"2024-02-01 00:00:00-05","Southern Virginia Higher Education",72.82,1
"2024-03-01 00:00:00-05","Virginia Department of Transportation",1869214659.308040,642
"2024-03-01 00:00:00-05","University of Virginia",508712170.973600,649
"2024-03-01 00:00:00-05","College of William & Mary",112527380.533100,282
"2024-03-01 00:00:00-05","Department of Military Affairs",88369157.6180,86
"2024-03-01 00:00:00-05","Department of Social Services",45298416.04,95
"2024-03-01 00:00:00-05","George Mason University",44838485.564140,401
"2024-03-01 00:00:00-05","Department of Behavioral Health and Developmental Services",43826319.799980,108
"2024-03-01 00:00:00-05","Department of Human Resource Management",40099332.86,19
"2024-03-01 00:00:00-05","Virginia Polytechnic Institute and State University",34468545.852820,575
"2024-03-01 00:00:00-05","Department of General Services",33816084.062240,107
"2024-03-01 00:00:00-05","Northern Virginia Community College",30675746.180260,129
"2024-03-01 00:00:00-05","Department of Forensic Science",27997584.8640,53
"2024-03-01 00:00:00-05","Richard Bland College",27865514.22,57
"2024-03-01 00:00:00-05","Department of Motor Vehicles",27370899.8900,89
"2024-03-01 00:00:00-05","Greater Richmond Transit Company",27099204.68,7
"2024-03-01 00:00:00-05","DOC - Architecture and Engineering",26684165.52,5
"2024-03-01 00:00:00-05","James Madison University",26476676.294000,308
"2024-03-01 00:00:00-05","Department of Corrections",25547836.683040,150
"2024-03-01 00:00:00-05","Department of Rail and Public Transportation",23324411.10,15
"2024-03-01 00:00:00-05","Virginia Commonwealth University",23114177.7374,316
"2024-03-01 00:00:00-05","Virginia Department of Health",22231275.239720,237
"2024-03-01 00:00:00-05","Norfolk State University",21833046.9950,104
"2024-03-01 00:00:00-05","Old Dominion University",21400029.34,86
"2024-03-01 00:00:00-05","Department of Medical Assistance Services",19895201.572880,17
"2024-03-01 00:00:00-05","Virginia State University",19825020.2180,139
"2024-03-01 00:00:00-05","Virginia Community College System - System Office",16797039.44,37
"2024-03-01 00:00:00-05","Department of Education",12679389.78,71
"2024-03-01 00:00:00-05","Virginia Department of Wildlife Resources",12541824.582660,89
"2024-03-01 00:00:00-05","Tidewater Community College",10147266.66,113
"2024-03-01 00:00:00-05","Radford University",7783146.6580,148
"2024-03-01 00:00:00-05","Fluvanna Correctional Center",7730017.6080,46
"2024-03-01 00:00:00-05","Department of Taxation",7590106.073660,29
"2024-03-01 00:00:00-05","Reynolds Community College",7402110.12,97
"2024-03-01 00:00:00-05","Virginia State Police",7125912.4774,140
"2024-03-01 00:00:00-05","Department for Aging and Rehabilitative Services",5826892.48,75
"2024-03-01 00:00:00-05","Virginia Department of Emergency Management",5449476.8900,29
"2024-03-01 00:00:00-05","Science Museum of Virginia",5048616.4412,39
"2024-03-01 00:00:00-05","Division of Community Corrections",4671828.7280,71
"2024-03-01 00:00:00-05","University of Mary Washington",4542280.3100,91
"2024-03-01 00:00:00-05","Department of Conservation and Recreation",4515762.170840,281
"2024-03-01 00:00:00-05","Longwood University",4411658.3980,70
"2024-03-01 00:00:00-05","Department of Environmental Quality",4309681.32,69
"2024-03-01 00:00:00-05","Virginia Department of Agriculture and Consumer Services",4303288.98,64
"2024-03-01 00:00:00-05","Central State Hospital",4240690.72,40
"2024-03-01 00:00:00-05","Orange County Public Schools",4066676,1
"2024-03-01 00:00:00-05","Norfolk City Public Schools",3810136,1
"2024-03-01 00:00:00-05","DOC - Division of Institutions",3709010.9338,63
"2024-03-01 00:00:00-05","Virginia Department for Veterans Services",3658252.9810,42
"2024-03-01 00:00:00-05","Virginia Western Community College",3618142.54,68
"2024-03-01 00:00:00-05","Virginia Alcoholic Beverage Control Authority",3459224.72,28
"2024-03-01 00:00:00-05","Christopher Newport University",3225974.9616,181
"2024-03-01 00:00:00-05","Virginia Museum of Fine Arts",2927447.68,63
"2024-03-01 00:00:00-05","Department of Juvenile Justice",2409154.487340,80
"2024-03-01 00:00:00-05","Workers Compensation Commission",2346799.76,12
"2024-03-01 00:00:00-05","Office of the Attorney General",2275964.74,51
"2024-03-01 00:00:00-05","Department of Accounts",2199847.78,6
"2024-03-01 00:00:00-05","Department of Elections",2106802.32,8
"2024-03-01 00:00:00-05","Correctional Enterprises",2074167.113440,58
"2024-03-01 00:00:00-05","Spotsylvania County Public Schools",2044344.38,1
"2024-03-01 00:00:00-05","Marine Resources Commission",2020901.60,45
"2024-03-01 00:00:00-05","Department of Health Professions",2005464.6412,29
"2024-03-01 00:00:00-05","Virginia Correctional Center for Women",1974823.04,25
"2024-03-01 00:00:00-05","Fredericksburg Regional Transit",1856427.60,1
"2024-03-01 00:00:00-05","Western State Hospital",1807114.62,55
"2024-03-01 00:00:00-05","Virginia Information Technologies Agency",1800211.3128,16
"2024-03-01 00:00:00-05","Southside Virginia Community College",1762292.6480,65
"2024-03-01 00:00:00-05","Virginia Veterans Care Center",1755836.16,29
"2024-03-01 00:00:00-05","Piedmont Geriatric Hospital",1749889.6582,44
"2024-03-01 00:00:00-05","Greensville Correctional Center",1623905.424660,35
"2024-03-01 00:00:00-05","Fauquier County",1606581.04,2
"2024-03-01 00:00:00-05","Virginia Military Institute",1590220.920640,118
"2024-03-01 00:00:00-05","Brightpoint Community College",1565109.267320,59
"2024-03-01 00:00:00-05","Danville Community College",1444734.64,50
"2024-03-01 00:00:00-05","Department of Blind and Vision Impaired",1371473.0800,77
"2024-03-01 00:00:00-05","Germanna Community College",1334664.9100,61
"2024-03-01 00:00:00-05","Virginia Peninsula Community College",1203962.9960,58
"2024-03-01 00:00:00-05","Sitter-Barfoot Veterans Care Center",1195640.06,35
"2024-03-01 00:00:00-05","Eastern State Hospital",1133811.28,45
"2024-03-01 00:00:00-05","Piedmont VA Community College",1079175.24,32
"2024-03-01 00:00:00-05","State Farm Correctional Center",1022056.10,38
"2024-03-01 00:00:00-05","Southeastern Virginia Training Center",1018028.0500,52
"2024-03-01 00:00:00-05","Charlottesville City",954154,1
"2024-03-01 00:00:00-05","Virginia Employment Commission",932004.00,34
"2024-03-01 00:00:00-05","Department of Corrections - Academy",916128.12,47
"2024-03-01 00:00:00-05","Department of Forestry",891951.3420,112
"2024-03-01 00:00:00-05","Rappahannock Community College",890055.580000,41
"2024-03-01 00:00:00-05","Lunenburg Correctional Center",885317.9620,25
"2024-03-01 00:00:00-05","St. Brides Correctional Center",854442.9442,33
"2024-03-01 00:00:00-05","Wallens Ridge Correctional Center",847254.12,29
"2024-03-01 00:00:00-05","Nottoway Correctional Center",830015.0700,29
"2024-03-01 00:00:00-05","Deerfield Correctional Center",815902.210000,31
"2024-03-01 00:00:00-05","Department of Criminal Justice Services",790820.4180,33
"2024-03-01 00:00:00-05","Buckingham Correctional Center",761788.84,29
"2024-03-01 00:00:00-05","Jamestown-Yorktown Foundation",754093.40,36
"2024-03-01 00:00:00-05","Dillwyn Correctional Center",744379.1968,32
"2024-03-01 00:00:00-05","Sussex I and Sussex II State Prisons Complex",716516.24,22
"2024-03-01 00:00:00-05","Coffeewood Correctional Center",711263.2160,24
"2024-03-01 00:00:00-05","Virginia Highlands Community College",709517.12,32
"2024-03-01 00:00:00-05","Red Onion Correctional Center",699693.20,28
"2024-03-01 00:00:00-05","New River Community College",681716.7944,51
"2024-03-01 00:00:00-05","Keen Mountain Correctional Center",670831.954100,32
"2024-03-01 00:00:00-05","Baskerville Correctional Center",657616.7820,18
"2024-03-01 00:00:00-05","VA Center for Behavioral Rehabilitation",634588.4702,39
"2024-03-01 00:00:00-05","Wytheville Community College",627627.3900,55
"2024-03-01 00:00:00-05","Department of Aviation",616368.94,17
"2024-03-01 00:00:00-05","Wilson Workforce and Rehabilitation Center",593827.137180,40
"2024-03-01 00:00:00-05","Virginia School for the Deaf and the Blind",564030.6380,20
"2024-03-01 00:00:00-05","Bristol Virginia Public Schools",561104,1
"2024-03-01 00:00:00-05","Central Virginia Community College",551806.630260,42
"2024-03-01 00:00:00-05","Haynesville Correctional Center",551512.061720,35
"2024-03-01 00:00:00-05","Jones & Cabacoy Veterans Care Center",525606.94,27
"2024-03-01 00:00:00-05","Blue Ridge Community College",499362.1700,60
"2024-03-01 00:00:00-05","Frederick County Public Schools",481038,1
"2024-03-01 00:00:00-05","Marion Correctional Treatment Center",464219.74,18
"2024-03-01 00:00:00-05","Department of Housing and Community Development",463524.0930,25
"2024-03-01 00:00:00-05","Mountain Gateway Community College",453663.36,31
"2024-03-01 00:00:00-05","Southwestern VA Mental Health Institute",439796.32,44
"2024-03-01 00:00:00-05","Mountain Empire Community College",424009.6200,45
"2024-03-01 00:00:00-05","Laurel Ridge Community College",421286.3700,64
"2024-03-01 00:00:00-05","Virginia Department of Energy",414062.72,44
"2024-03-01 00:00:00-05","Department of Treasury",368992.40,31
"2024-03-01 00:00:00-05","A.L. Philpott Manufacturing Extension Partnership",368522.1230,4
"2024-03-01 00:00:00-05","Green Rock Correctional Center",365627.36,18
"2024-03-01 00:00:00-05","Southwest Virginia Community College",338094.08,35
"2024-03-01 00:00:00-05","City of Danville",321372,1
"2024-03-01 00:00:00-05","Pocahantas State Correctional Center",310869.62,21
"2024-03-01 00:00:00-05","Camp Community College",290026.0880,28
"2024-03-01 00:00:00-05","Western Tidewater Community Services Board",277420,1
"2024-03-01 00:00:00-05","State Council of Higher Education",269081.56,12
"2024-03-01 00:00:00-05","Catawba Hospital",268309.0496,44
"2024-03-01 00:00:00-05","Southern Virginia Mental Health Institute",267159.5500,57
"2024-03-01 00:00:00-05","Department of Fire Programs",255590.88,30
"2024-03-01 00:00:00-05","Bland Correctional Center",250281.439460,29
"2024-03-01 00:00:00-05","River North Correctional Center",245398.72,19
"2024-03-01 00:00:00-05","Indian Creek Correctional Center",238705.78,24
"2024-03-01 00:00:00-05","Virginia State Lottery",213124.86,2
"2024-03-01 00:00:00-05","Department of Labor and Industry",186899.04,22
"2024-03-01 00:00:00-05","James City County",184184,1
"2024-03-01 00:00:00-05","Patrick & Henry Community College",180980.74,45
"2024-03-01 00:00:00-05","Colonial Beach Public Schools",172702,1
"2024-03-01 00:00:00-05","Augusta Correctional Center",167771.64,11
"2024-03-01 00:00:00-05","County of Loudoun",166654.34,2
"2024-03-01 00:00:00-05","Northern Virginia Mental Health Institute",162652.76,19
"2024-03-01 00:00:00-05","Stafford County",142669.60,1
"2024-03-01 00:00:00-05","Dept of Professional and Occupational Regulation",140206.1760,36
"2024-03-01 00:00:00-05","Indigent Defense Commission",139069.92,12
"2024-03-01 00:00:00-05","Department of Small Business and Supplier Diversity",135516.04,11
"2024-03-01 00:00:00-05","Montgomery County",108635.84,1
"2024-03-01 00:00:00-05","Library of Virginia",101697.74,29
"2024-03-01 00:00:00-05","Department of Planning and Budget",100105.92,6
"2024-03-01 00:00:00-05","Pittsylvania County",94221.60,3
"2024-03-01 00:00:00-05","Prince William County",93000,1
"2024-03-01 00:00:00-05","Charlottesville Redevelopment & Housing Authority",81640,1
"2024-03-01 00:00:00-05","Virginia Board for People with Disabilities",79880.9120,16
"2024-03-01 00:00:00-05","Albemarle County",73272.40,2
"2024-03-01 00:00:00-05","Virginia Economic Development Partnership",71504.94,4
"2024-03-01 00:00:00-05","Virginia Community College Shared Services Center",66184.42,5
"2024-03-01 00:00:00-05","Henrico County Government",63221.98,2
"2024-03-01 00:00:00-05","JAUNT",49939.2160,4
"2024-03-01 00:00:00-05","Fort Monroe Authority",48345.44,9
"2024-03-01 00:00:00-05","Virginia Museum of Natural History",45528.16,18
"2024-03-01 00:00:00-05","Gunston Hall",38240,1
"2024-03-01 00:00:00-05","Virginia Department for the Deaf and Hard-of-Hearing",37399.3500,28
"2024-03-01 00:00:00-05","Washington County Service Authority",29198.56,1
"2024-03-01 00:00:00-05","RSW Regional Jail Authority",23383.76,1
"2024-03-01 00:00:00-05","Eastern Shore Community College",23250.22,14
"2024-03-01 00:00:00-05","Encompass Community Supports",21615.94,3
"2024-03-01 00:00:00-05","Auditor of Public Accounts",16953.90,4
"2024-03-01 00:00:00-05","Frontier Culture Museum",15435.32,11
"2024-03-01 00:00:00-05","State Corporation Commission",14049.74,2
"2024-03-01 00:00:00-05","Secretary of Administration",13786.28,6
"2024-03-01 00:00:00-05","Office of the State Inspector General",12651.84,4
"2024-03-01 00:00:00-05","Stafford County Public Schools",11474.52,1
"2024-03-01 00:00:00-05","Virginia Tourism Corporation",10882.58,7
"2024-03-01 00:00:00-05","City of Lynchburg",10532.22,2
"2024-03-01 00:00:00-05","Office of the Governor",8119.24,3
"2024-03-01 00:00:00-05","Board of Accountancy",8030.86,6
"2024-03-01 00:00:00-05","Clarke County",7438.40,1
"2024-03-01 00:00:00-05","Virginia Rehabilitation Center for the Blind",4802.34,6
"2024-03-01 00:00:00-05","Virginia Cannabis Control Authority",4554.68,4
"2024-03-01 00:00:00-05","Virginia Peninsula Regional Jail",4190.24,1
"2024-03-01 00:00:00-05","Office of Childrens Services",3820.66,4
"2024-03-01 00:00:00-05","Department of Historic Resources",3594.82,5
"2024-03-01 00:00:00-05","County of Fairfax",2999.70,1
"2024-03-01 00:00:00-05","Virginia Port Authority",2994.34,1
"2024-03-01 00:00:00-05","Poquoson City Public Schools",2267.40,1
"2024-03-01 00:00:00-05","Secretary of the Commonwealth",2135.46,2
"2024-03-01 00:00:00-05","Virginia Racing Commission",1995.98,5
"2024-03-01 00:00:00-05","Motor Vehicle Dealer Board",1961.88,1
"2024-03-01 00:00:00-05","Town of Blackstone",1222.52,1
"2024-03-01 00:00:00-05","Secretary of Education",1085.40,2
"2024-03-01 00:00:00-05","Peninsula Airport Commission",1079.12,1
"2024-03-01 00:00:00-05","Southern Virginia Higher Education",478.98,2
"2024-03-01 00:00:00-05","Commonwealth's Attorneys' Services Council",445.64,1
"2024-03-01 00:00:00-05","eVA ADMINISTRATION",184.20,1
"2024-03-01 00:00:00-05","Virginia State Bar",135.48,1
"2024-03-01 00:00:00-05","Tobacco Region Revitalization Commission",134.04,1
"2024-03-01 00:00:00-05","Puller Veterans Care Center",47.74,1
"2024-03-01 00:00:00-05","Metropolitan Washington Airports Authority",0,1
"2024-03-01 00:00:00-05","Montgomery County Public Schools",0,1
"2024-04-01 00:00:00-04","Virginia Department of Transportation",3048857497.167620,723
"2024-04-01 00:00:00-04","George Mason University",244318074.776460,435
"2024-04-01 00:00:00-04","University of Virginia",193918659.839380,778
"2024-04-01 00:00:00-04","College of William & Mary",76420296.8940,277
"2024-04-01 00:00:00-04","Department for Aging and Rehabilitative Services",68019406.2720,70
"2024-04-01 00:00:00-04","Department of Medical Assistance Services",42047724.9520,20
"2024-04-01 00:00:00-04","Virginia Commonwealth University",39666704.6168,364
"2024-04-01 00:00:00-04","Virginia Department of Health",35964476.1572,267
"2024-04-01 00:00:00-04","Department of Social Services",30197106.66,108
"2024-04-01 00:00:00-04","Department of Behavioral Health and Developmental Services",27215974.8940,61
"2024-04-01 00:00:00-04","Department of Rail and Public Transportation",27163367.92,23
"2024-04-01 00:00:00-04","Virginia Polytechnic Institute and State University",26989778.514740,637
"2024-04-01 00:00:00-04","Department of Conservation and Recreation",26659055.729160,289
"2024-04-01 00:00:00-04","Richard Bland College",25950524.4840,58
"2024-04-01 00:00:00-04","Department of Human Resource Management",20677766.60,18
"2024-04-01 00:00:00-04","James Madison University",19321021.446980,311
"2024-04-01 00:00:00-04","Department of General Services",18064622.8552,110
"2024-04-01 00:00:00-04","Department of Military Affairs",16623055.5480,83
"2024-04-01 00:00:00-04","University of Mary Washington",16183367.140160,120
"2024-04-01 00:00:00-04","Old Dominion University",14502551.9888,100
"2024-04-01 00:00:00-04","Virginia State Police",13908336.6954,175
"2024-04-01 00:00:00-04","Virginia State University",13338609.9188,135
"2024-04-01 00:00:00-04","Northern Virginia Community College",11641830.4340,152
"2024-04-01 00:00:00-04","Department of Motor Vehicles",9741004.729080,95
"2024-04-01 00:00:00-04","Department of Corrections",7271445.311100,156
"2024-04-01 00:00:00-04","Radford University",7225566.179360,180
"2024-04-01 00:00:00-04","Christopher Newport University",6890243.2542,231
"2024-04-01 00:00:00-04","Virginia Community College System - System Office",6652064.92,34
"2024-04-01 00:00:00-04","Division of Community Corrections",6281832.98,79
"2024-04-01 00:00:00-04","Virginia Department for Veterans Services",6102341.2910,51
"2024-04-01 00:00:00-04","Department of Environmental Quality",5901068.6600,66
"2024-04-01 00:00:00-04","Virginia Department of Emergency Management",5880828.26,36
"2024-04-01 00:00:00-04","Department of Education",5865030.020320,74
"2024-04-01 00:00:00-04","Virginia Department of Wildlife Resources",5646863.903560,69
"2024-04-01 00:00:00-04","Pittsylvania County Public Schools",5373935.04,2
"2024-04-01 00:00:00-04","Department of Juvenile Justice",5291278.981540,89
"2024-04-01 00:00:00-04","Virginia Department of Energy",4896309.6500,46
"2024-04-01 00:00:00-04","Department of Labor and Industry",4794201.9100,20
"2024-04-01 00:00:00-04","DOC - Architecture and Engineering",4659619.60,12
"2024-04-01 00:00:00-04","Norfolk State University",4357361.9224,98
"2024-04-01 00:00:00-04","Virginia Western Community College",3756803.70,62
"2024-04-01 00:00:00-04","DOC - Division of Institutions",3331164.170560,72
"2024-04-01 00:00:00-04","Greensville Correctional Center",3282185.0400,34
"2024-04-01 00:00:00-04","Department of Taxation",2598630.86,31
"2024-04-01 00:00:00-04","Virginia Military Institute",2511000.594600,132
"2024-04-01 00:00:00-04","Correctional Enterprises",2430381.398500,64
"2024-04-01 00:00:00-04","Office of the Attorney General",2305347.42,63
"2024-04-01 00:00:00-04","Virginia Veterans Care Center",2247714.0408,34
"2024-04-01 00:00:00-04","Tidewater Community College",2051165.72,115
"2024-04-01 00:00:00-04","Germanna Community College",1933312.3144,66
"2024-04-01 00:00:00-04","Eastern State Hospital",1799134.5760,57
"2024-04-01 00:00:00-04","Virginia Information Technologies Agency",1694583.86,21
"2024-04-01 00:00:00-04","Virginia Alcoholic Beverage Control Authority",1677369.24,24
"2024-04-01 00:00:00-04","Department of Blind and Vision Impaired",1666774.88,67
"2024-04-01 00:00:00-04","Camp Community College",1579419.1880,24
"2024-04-01 00:00:00-04","Science Museum of Virginia",1556670.6340,55
"2024-04-01 00:00:00-04","Buckingham Correctional Center",1433866.08,29
"2024-04-01 00:00:00-04","Central State Hospital",1424048.5388,43
"2024-04-01 00:00:00-04","Lunenburg Correctional Center",1422964.32,20
"2024-04-01 00:00:00-04","Fauquier County",1350418.70,1
"2024-04-01 00:00:00-04","Catawba Hospital",1273475.997340,61
"2024-04-01 00:00:00-04","Central Virginia Community College",1228208.4930,48
"2024-04-01 00:00:00-04","Jamestown-Yorktown Foundation",1216226.36,50
"2024-04-01 00:00:00-04","Metropolitan Washington Airports Authority",1190045.74,2
"2024-04-01 00:00:00-04","Department of Forensic Science",1161406.7332,58
"2024-04-01 00:00:00-04","Virginia Peninsula Community College",1158809.9920,67
"2024-04-01 00:00:00-04","Department of Housing and Community Development",1075136.9820,21
"2024-04-01 00:00:00-04","Longwood University",991082.40,60
"2024-04-01 00:00:00-04","Marine Resources Commission",985391.9900,38
"2024-04-01 00:00:00-04","State Farm Correctional Center",947892.30,33
"2024-04-01 00:00:00-04","Virginia Employment Commission",946846.2972,43
"2024-04-01 00:00:00-04","Reynolds Community College",931815.46,95
"2024-04-01 00:00:00-04","Department of Forestry",893746.1220,108
"2024-04-01 00:00:00-04","Virginia Correctional Center for Women",874269.72,30
"2024-04-01 00:00:00-04","Bay Aging",833144,1
"2024-04-01 00:00:00-04","Workers Compensation Commission",824970.76,13
"2024-04-01 00:00:00-04","Pulaski County Public Schools",807473.68,2
"2024-04-01 00:00:00-04","Fort Monroe Authority",772437.68,5
"2024-04-01 00:00:00-04","River North Correctional Center",765876.48,25
"2024-04-01 00:00:00-04","Southwest Virginia Community College",762268.52,34
"2024-04-01 00:00:00-04","Scott County",760060,1
"2024-04-01 00:00:00-04","Haynesville Correctional Center",758413.661660,20
"2024-04-01 00:00:00-04","Piedmont Geriatric Hospital",747632.4448,38
"2024-04-01 00:00:00-04","Nottoway Correctional Center",736756.86,25
"2024-04-01 00:00:00-04","Virginia Department of Agriculture and Consumer Services",701379.9140,86
"2024-04-01 00:00:00-04","Library of Virginia",700189.9700,36
"2024-04-01 00:00:00-04","Baskerville Correctional Center",674914.84,21
"2024-04-01 00:00:00-04","Bland Correctional Center",670676.421920,20
"2024-04-01 00:00:00-04","Blue Ridge Community College",669228.62,51
"2024-04-01 00:00:00-04","Western State Hospital",616722.4506,53
"2024-04-01 00:00:00-04","Office of the State Inspector General",615674.70,7
"2024-04-01 00:00:00-04","Fluvanna Correctional Center",573632.3040,30
"2024-04-01 00:00:00-04","Department of Corrections - Academy",551104.5640,34
"2024-04-01 00:00:00-04","Laurel Ridge Community College",548903.84,59
"2024-04-01 00:00:00-04","Danville Community College",529597.34,39
"2024-04-01 00:00:00-04","Dillwyn Correctional Center",528674.10,27
"2024-04-01 00:00:00-04","Southeastern Virginia Training Center",527813.9520,59
"2024-04-01 00:00:00-04","Virginia Museum of Fine Arts",507915.56,63
"2024-04-01 00:00:00-04","Sitter-Barfoot Veterans Care Center",478760.70,41
"2024-04-01 00:00:00-04","Coffeewood Correctional Center",465288.98,23
"2024-04-01 00:00:00-04","Mountain Empire Community College",458435.1640,38
"2024-04-01 00:00:00-04","Virginia Highlands Community College",452663.00,35
"2024-04-01 00:00:00-04","Indian Creek Correctional Center",451363.24,26
"2024-04-01 00:00:00-04","Piedmont VA Community College",450344.50,37
"2024-04-01 00:00:00-04","Virginia School for the Deaf and the Blind",445219.50,33
"2024-04-01 00:00:00-04","Department of Health Professions",439937.6660,30
"2024-04-01 00:00:00-04","Deerfield Correctional Center",409628.6120,27
"2024-04-01 00:00:00-04","Keen Mountain Correctional Center",401525.20,27
"2024-04-01 00:00:00-04","Southwestern VA Mental Health Institute",400958.94,48
"2024-04-01 00:00:00-04","VA Center for Behavioral Rehabilitation",397386.8930,27
"2024-04-01 00:00:00-04","Brightpoint Community College",396506.5040,50
"2024-04-01 00:00:00-04","Staunton City Public Schools",396496,1
"2024-04-01 00:00:00-04","Southside Virginia Community College",396102.7280,59
"2024-04-01 00:00:00-04","Sussex I and Sussex II State Prisons Complex",390395.42,17
"2024-04-01 00:00:00-04","State Corporation Commission",384632.36,5
"2024-04-01 00:00:00-04","Wytheville Community College",384294.90,53
"2024-04-01 00:00:00-04","James City County",365532,1
"2024-04-01 00:00:00-04","New River Community College",362220.0462,47
"2024-04-01 00:00:00-04","Dept of Professional and Occupational Regulation",354762.3434,37
"2024-04-01 00:00:00-04","St. Brides Correctional Center",335014.0768,28
"2024-04-01 00:00:00-04","City of Harrisonburg",333108.60,1
"2024-04-01 00:00:00-04","Patrick & Henry Community College",317791.80,45
"2024-04-01 00:00:00-04","Department of Treasury",310697.12,32
"2024-04-01 00:00:00-04","Department of Criminal Justice Services",308994.24,31
"2024-04-01 00:00:00-04","Pocahantas State Correctional Center",301891.22,22
"2024-04-01 00:00:00-04","Green Rock Correctional Center",299827.98,13
"2024-04-01 00:00:00-04","Rappahannock Community College",290157.10,38
"2024-04-01 00:00:00-04","Jones & Cabacoy Veterans Care Center",288050.06,23
"2024-04-01 00:00:00-04","Mountain Empire Older Citizens",281944,1
"2024-04-01 00:00:00-04","Salem City Schools",278818,1
"2024-04-01 00:00:00-04","Marion Correctional Treatment Center",270703.581900,23
"2024-04-01 00:00:00-04","Wilson Workforce and Rehabilitation Center",266230.959980,35
"2024-04-01 00:00:00-04","Department of Fire Programs",262525.14,40
"2024-04-01 00:00:00-04","Wallens Ridge Correctional Center",257583.06,28
"2024-04-01 00:00:00-04","Red Onion Correctional Center",256998.9920,20
"2024-04-01 00:00:00-04","Office of Childrens Services",254965.44,7
"2024-04-01 00:00:00-04","Virginia Regional Transit",252348.24,2
"2024-04-01 00:00:00-04","Virginia State Lottery",235602.90,1
"2024-04-01 00:00:00-04","Northern Virginia Mental Health Institute",233297.78,25
"2024-04-01 00:00:00-04","Eastern Shore Community College",207363.02,24
"2024-04-01 00:00:00-04","Southern Virginia Mental Health Institute",204454.60,50
"2024-04-01 00:00:00-04","Augusta Correctional Center",182920.36,4
"2024-04-01 00:00:00-04","District Three Governmental Cooperative",173976,1
"2024-04-01 00:00:00-04","City of Petersburg",169675.60,2
"2024-04-01 00:00:00-04","Town of Blacksburg",164147.60,1
"2024-04-01 00:00:00-04","Appalachian Agency for Senior Citizens",159580.42,1
"2024-04-01 00:00:00-04","Colonial Behavioral Health",158065.48,1
"2024-04-01 00:00:00-04","Western Tidewater Community Services Board",145321.22,1
"2024-04-01 00:00:00-04","Department of Accounts",128761.26,6
"2024-04-01 00:00:00-04","Albemarle County",126860,1
"2024-04-01 00:00:00-04","Rapidan Service Authority",122987.38,1
"2024-04-01 00:00:00-04","Virginia Community College Shared Services Center",120984.30,11
"2024-04-01 00:00:00-04","Indigent Defense Commission",120588.42,15
"2024-04-01 00:00:00-04","Virginia Cannabis Control Authority",119730.60,5
"2024-04-01 00:00:00-04","Department of Small Business and Supplier Diversity",116355.60,10
"2024-04-01 00:00:00-04","State Council of Higher Education",97215.80,14
"2024-04-01 00:00:00-04","Chesterfield County",86768.80,1
"2024-04-01 00:00:00-04","Department of Elections",80661.7600,10
"2024-04-01 00:00:00-04","Mountain Gateway Community College",79482.68,28
"2024-04-01 00:00:00-04","A.L. Philpott Manufacturing Extension Partnership",78045.48,1
"2024-04-01 00:00:00-04","Department of Historic Resources",69748.34,10
"2024-04-01 00:00:00-04","Auditor of Public Accounts",68727.08,3
"2024-04-01 00:00:00-04","Department of Aviation",65954.00,17
"2024-04-01 00:00:00-04","Virginia Board for People with Disabilities",65827.66,14
"2024-04-01 00:00:00-04","Richmond Behavioral Health Authority",57170.02,1
"2024-04-01 00:00:00-04","County of Loudoun",50903.88,1
"2024-04-01 00:00:00-04","Stafford County Public Schools",44845.32,1
"2024-04-01 00:00:00-04","Frontier Culture Museum",39240.26,8
"2024-04-01 00:00:00-04","Office of the Governor",38672.80,8
"2024-04-01 00:00:00-04","Virginia Department for the Deaf and Hard-of-Hearing",37525.62,27
"2024-04-01 00:00:00-04","Commonwealth's Attorneys' Services Council",36112.24,3
"2024-04-01 00:00:00-04","Virginia Museum of Natural History",23407.84,15
"2024-04-01 00:00:00-04","RSW Regional Jail Authority",22421.24,1
"2024-04-01 00:00:00-04","Department of Planning and Budget",21158.56,2
"2024-04-01 00:00:00-04","Secretary of the Commonwealth",19451.22,4
"2024-04-01 00:00:00-04","Board of Accountancy",18813.60,10
"2024-04-01 00:00:00-04","Poquoson City Public Schools",16664.88,2
"2024-04-01 00:00:00-04","Virginia Tourism Corporation",15472.12,11
"2024-04-01 00:00:00-04","Encompass Community Supports",13799.58,2
"2024-04-01 00:00:00-04","Greater Richmond Transit Company",11105.32,4
"2024-04-01 00:00:00-04","Henrico County Government",9587.80,3
"2024-04-01 00:00:00-04","Secretary of Administration",8261.64,5
"2024-04-01 00:00:00-04","Virginia Economic Development Partnership",7942.74,3
"2024-04-01 00:00:00-04","New College Institute",7187.6850,3
"2024-04-01 00:00:00-04","Clarke County",3719.20,1
"2024-04-01 00:00:00-04","Virginia Racing Commission",2949.72,3
"2024-04-01 00:00:00-04","Virginia Rehabilitation Center for the Blind",2484.52,4
"2024-04-01 00:00:00-04","City of Lynchburg",2319.54,2
"2024-04-01 00:00:00-04","Virginia Port Authority",2298.20,2
"2024-04-01 00:00:00-04","State Compensation Board",1383.26,2
"2024-04-01 00:00:00-04","Tobacco Region Revitalization Commission",1215.72,2
"2024-04-01 00:00:00-04","Virginia State Bar",1069.34,3
"2024-04-01 00:00:00-04","Secretary of Public Safety",1031.82,1
"2024-04-01 00:00:00-04","Puller Veterans Care Center",1010.34,3
"2024-04-01 00:00:00-04","Town of Blackstone",687.76,1
"2024-04-01 00:00:00-04","Veterans Services Foundation",625.00,1
"2024-04-01 00:00:00-04","Secretary of Natural Resources",471.32,1
"2024-04-01 00:00:00-04","Gunston Hall",463.24,1
"2024-04-01 00:00:00-04","Southern Virginia Higher Education",345.60,1
"2024-04-01 00:00:00-04","Motor Vehicle Dealer Board",210.08,1
"2024-04-01 00:00:00-04","Lieutenant Governor",198.80,1
"2024-04-01 00:00:00-04","JAUNT",109.58,1
"2024-05-01 00:00:00-04","Virginia Department of Transportation",5114940866.831320,666
"2024-05-01 00:00:00-04","University of Virginia",520983044.5368,673
"2024-05-01 00:00:00-04","George Mason University",158689464.906160,475
"2024-05-01 00:00:00-04","College of William & Mary",83501710.434100,268
"2024-05-01 00:00:00-04","Longwood University",60132506.68,69
"2024-05-01 00:00:00-04","Virginia Department of Health",56915386.048720,266
"2024-05-01 00:00:00-04","Virginia Alcoholic Beverage Control Authority",50385204.4680,24
"2024-05-01 00:00:00-04","Department of Military Affairs",39410607.3260,81
"2024-05-01 00:00:00-04","Norfolk State University",36281723.500260,113
"2024-05-01 00:00:00-04","Department of Behavioral Health and Developmental Services",35582600.480160,60
"2024-05-01 00:00:00-04","University of Mary Washington",33561756.5200,114
"2024-05-01 00:00:00-04","Department of Rail and Public Transportation",30887820.00,19
"2024-05-01 00:00:00-04","Department of Human Resource Management",30314118.34,11
"2024-05-01 00:00:00-04","Virginia Military Institute",28850483.3948,129
"2024-05-01 00:00:00-04","Department of General Services",28487880.518980,116
"2024-05-01 00:00:00-04","Richard Bland College",26148217.28,61
"2024-05-01 00:00:00-04","Virginia Commonwealth University",25922719.3602,375
"2024-05-01 00:00:00-04","James Madison University",23610385.72,345
"2024-05-01 00:00:00-04","Virginia Polytechnic Institute and State University",21441369.3574,639
"2024-05-01 00:00:00-04","Department of Conservation and Recreation",21432734.6300,284
"2024-05-01 00:00:00-04","Department of Medical Assistance Services",21121451.359880,19
"2024-05-01 00:00:00-04","Northern Virginia Community College",18895710.0756,150
"2024-05-01 00:00:00-04","Virginia Community College System - System Office",15968514.00,32
"2024-05-01 00:00:00-04","Virginia State University",14649192.2268,137
"2024-05-01 00:00:00-04","Department of Corrections",14619873.117760,151
"2024-05-01 00:00:00-04","Old Dominion University",14452520.9700,68
"2024-05-01 00:00:00-04","Marine Resources Commission",12187964.38,38
"2024-05-01 00:00:00-04","Virginia Department of Emergency Management",12021229.1860,36
"2024-05-01 00:00:00-04","Virginia Department of Wildlife Resources",11477298.960640,93
"2024-05-01 00:00:00-04","Department of Social Services",10961101.9000,76
"2024-05-01 00:00:00-04","Department of Motor Vehicles",10857469.40,127
"2024-05-01 00:00:00-04","Virginia State Police",10377680.0836,135
"2024-05-01 00:00:00-04","Portsmouth Public Schools",9242584,1
"2024-05-01 00:00:00-04","Radford University",9064529.6128,173
"2024-05-01 00:00:00-04","Prince William County Schools",8976896,1
"2024-05-01 00:00:00-04","Virginia Museum of Fine Arts",8789749.50,62
"2024-05-01 00:00:00-04","Hampton Roads Transit",8587264,1
"2024-05-01 00:00:00-04","Department of Environmental Quality",6152073.50,71
"2024-05-01 00:00:00-04","Virginia Peninsula Community College",6123088.9028,58
"2024-05-01 00:00:00-04","Department of Education",5626160.60,52
"2024-05-01 00:00:00-04","Reynolds Community College",5289052.38,93
"2024-05-01 00:00:00-04","Henrico County Government",5196952.30,3
"2024-05-01 00:00:00-04","Christopher Newport University",5170102.34,209
"2024-05-01 00:00:00-04","Department of Juvenile Justice",4369492.4740,116
"2024-05-01 00:00:00-04","Virginia Department of Energy",4335820.92,43
"2024-05-01 00:00:00-04","Virginia Information Technologies Agency",4246611.90,11
"2024-05-01 00:00:00-04","Tidewater Community College",4203381.46,113
"2024-05-01 00:00:00-04","Department of Accounts",3711791.38,7
"2024-05-01 00:00:00-04","Fluvanna Correctional Center",3332026.56,24
"2024-05-01 00:00:00-04","Buckingham Correctional Center",2982306.54,25
"2024-05-01 00:00:00-04","Office of the Attorney General",2839200.36,51
"2024-05-01 00:00:00-04","Keen Mountain Correctional Center",2621886.78,33
"2024-05-01 00:00:00-04","New River Community College",2560647.1242,49
"2024-05-01 00:00:00-04","Central State Hospital",2518619.7608,53
"2024-05-01 00:00:00-04","Correctional Enterprises",2381102.925520,56
"2024-05-01 00:00:00-04","DOC - Division of Institutions",2372428.040720,56
"2024-05-01 00:00:00-04","City of Suffolk",2211406,1
"2024-05-01 00:00:00-04","Charles City County Public Schools",2054460.84,1
"2024-05-01 00:00:00-04","Department of Taxation",1904037.26,22
"2024-05-01 00:00:00-04","Germanna Community College",1877243.1170,63
"2024-05-01 00:00:00-04","Greensville Correctional Center",1775145.24,30
"2024-05-01 00:00:00-04","City of Harrisonburg",1737329.28,2
"2024-05-01 00:00:00-04","Virginia Department of Agriculture and Consumer Services",1728995.00,63
"2024-05-01 00:00:00-04","Department of Criminal Justice Services",1701739.62,29
"2024-05-01 00:00:00-04","DOC - Architecture and Engineering",1683125.54,4
"2024-05-01 00:00:00-04","Nottoway Correctional Center",1428090.96,31
"2024-05-01 00:00:00-04","Department of Blind and Vision Impaired",1401241.40,74
"2024-05-01 00:00:00-04","Frontier Culture Museum",1367812.84,11
"2024-05-01 00:00:00-04","Eastern State Hospital",1346177.7520,55
"2024-05-01 00:00:00-04","Catawba Hospital",1261399.638660,53
"2024-05-01 00:00:00-04","Greensville County",1251918,1
"2024-05-01 00:00:00-04","Virginia Department for Veterans Services",1205152.552260,66
"2024-05-01 00:00:00-04","Department of Forestry",1181273.1620,127
"2024-05-01 00:00:00-04","Piedmont VA Community College",1177204.1040,37
"2024-05-01 00:00:00-04","Library of Virginia",1177147.20,36
"2024-05-01 00:00:00-04","Department of Forensic Science",1171287.6100,53
"2024-05-01 00:00:00-04","Virginia Veterans Care Center",1151421.44,27
"2024-05-01 00:00:00-04","Virginia Western Community College",1147150.2716,57
"2024-05-01 00:00:00-04","Coffeewood Correctional Center",1089660.18,21
"2024-05-01 00:00:00-04","Laurel Ridge Community College",1056237.24,66
"2024-05-01 00:00:00-04","Southwest Virginia Community College",1051059.52,40
"2024-05-01 00:00:00-04","Virginia Correctional Center for Women",1042569.90,29
"2024-05-01 00:00:00-04","Camp Community College",1039078.76,26
"2024-05-01 00:00:00-04","Division of Community Corrections",1038507.3624,70
"2024-05-01 00:00:00-04","Virginia School for the Deaf and the Blind",1035116.70,45
"2024-05-01 00:00:00-04","Lunenburg Correctional Center",993439.609520,23
"2024-05-01 00:00:00-04","Western State Hospital",964149.3856,43
"2024-05-01 00:00:00-04","Department of Labor and Industry",927005.94,38
"2024-05-01 00:00:00-04","Piedmont Geriatric Hospital",923811.5088,40
"2024-05-01 00:00:00-04","Central Virginia Community College",921220.726180,30
"2024-05-01 00:00:00-04","Pocahantas State Correctional Center",883541.58,18
"2024-05-01 00:00:00-04","Henry County",871739.64,2
"2024-05-01 00:00:00-04","Sitter-Barfoot Veterans Care Center",807008.3240,33
"2024-05-01 00:00:00-04","Eastern Shore Community College",775191.80,19
"2024-05-01 00:00:00-04","Virginia Outdoors Foundation",753238.72,1
"2024-05-01 00:00:00-04","Brightpoint Community College",729253.7080,52
"2024-05-01 00:00:00-04","Department of Elections",704719.8600,12
"2024-05-01 00:00:00-04","Wytheville Community College",698893.2992,57
"2024-05-01 00:00:00-04","Southwestern VA Mental Health Institute",684355.041920,49
"2024-05-01 00:00:00-04","Jamestown-Yorktown Foundation",653505.0380,46
"2024-05-01 00:00:00-04","Western Tidewater Community Services Board",653349.24,1
"2024-05-01 00:00:00-04","Indian Creek Correctional Center",646833.7920,21
"2024-05-01 00:00:00-04","Danville Community College",638193.1320,45
"2024-05-01 00:00:00-04","Science Museum of Virginia",632089.359960,67
"2024-05-01 00:00:00-04","State Farm Correctional Center",626689.58,29
"2024-05-01 00:00:00-04","Department of Corrections - Academy",601457.36,39
"2024-05-01 00:00:00-04","Department of Health Professions",590289.86,22
"2024-05-01 00:00:00-04","Department for Aging and Rehabilitative Services",579480.5720,67
"2024-05-01 00:00:00-04","Mountain Gateway Community College",578333.0040,25
"2024-05-01 00:00:00-04","VA Center for Behavioral Rehabilitation",572290.8110,22
"2024-05-01 00:00:00-04","Charlottesville City Schools",562208,1
"2024-05-01 00:00:00-04","State Council of Higher Education",544103.00,14
"2024-05-01 00:00:00-04","Scott County",543024,1
"2024-05-01 00:00:00-04","Goochland County Public Schools",541904,1
"2024-05-01 00:00:00-04","Office of the State Inspector General",528175.40,3
"2024-05-01 00:00:00-04","Baskerville Correctional Center",522061.88,17
"2024-05-01 00:00:00-04","River North Correctional Center",519217.2980,25
"2024-05-01 00:00:00-04","Blue Ridge Community College",515219.46,52
"2024-05-01 00:00:00-04","Rappahannock Community College",509373.20,47
"2024-05-01 00:00:00-04","Department of Treasury",505359.74,29
"2024-05-01 00:00:00-04","Jones & Cabacoy Veterans Care Center",502365.98,28
"2024-05-01 00:00:00-04","Southeastern Virginia Training Center",456842.5680,56
"2024-05-01 00:00:00-04","Northern Virginia Mental Health Institute",445022.64,18
"2024-05-01 00:00:00-04","Dillwyn Correctional Center",437732.644860,31
"2024-05-01 00:00:00-04","St. Brides Correctional Center",437554.6320,21
"2024-05-01 00:00:00-04","Department of Fire Programs",425646.50,20
"2024-05-01 00:00:00-04","Sussex I and Sussex II State Prisons Complex",425162.36,18
"2024-05-01 00:00:00-04","Wilson Workforce and Rehabilitation Center",407120.419980,37
"2024-05-01 00:00:00-04","Red Onion Correctional Center",401875.18,19
"2024-05-01 00:00:00-04","Fort Monroe Authority",389990.2300,12
"2024-05-01 00:00:00-04","Deerfield Correctional Center",385874.5200,30
"2024-05-01 00:00:00-04","Southside Virginia Community College",375332.5400,49
"2024-05-01 00:00:00-04","Albemarle County",374124.88,3
"2024-05-01 00:00:00-04","Southern Virginia Mental Health Institute",366711.66,56
"2024-05-01 00:00:00-04","Virginia Highlands Community College",335436.18,23
"2024-05-01 00:00:00-04","Haynesville Correctional Center",326303.98,30
"2024-05-01 00:00:00-04","Salem City Schools",314496,1
"2024-05-01 00:00:00-04","Patrick & Henry Community College",308921.8634,60
"2024-05-01 00:00:00-04","Department of Housing and Community Development",300653.1640,31
"2024-05-01 00:00:00-04","Wallens Ridge Correctional Center",256904.30,15
"2024-05-01 00:00:00-04","Green Rock Correctional Center",225460.665300,18
"2024-05-01 00:00:00-04","Virginia Employment Commission",216441.54,26
"2024-05-01 00:00:00-04","Workers Compensation Commission",207061.48,18
"2024-05-01 00:00:00-04","Bland Correctional Center",201707.908000,26
"2024-05-01 00:00:00-04","Department of Historic Resources",169676.78,13
"2024-05-01 00:00:00-04","State Compensation Board",165121.6616,6
"2024-05-01 00:00:00-04","County of Loudoun",160659.66,2
"2024-05-01 00:00:00-04","Department of Aviation",157174.58,22
"2024-05-01 00:00:00-04","Town of Leesburg",143967.36,1
"2024-05-01 00:00:00-04","Marion Correctional Treatment Center",141518.8008,20
"2024-05-01 00:00:00-04","Dept of Professional and Occupational Regulation",132114.20,30
"2024-05-01 00:00:00-04","Mountain Empire Community College",118616.24,28
"2024-05-01 00:00:00-04","Indigent Defense Commission",105642.80,13
"2024-05-01 00:00:00-04","Roanoke City Government",80559.46,1
"2024-05-01 00:00:00-04","Pulaski County Public Schools",78292,1
"2024-05-01 00:00:00-04","County of Isle of Wight",73700,1
"2024-05-01 00:00:00-04","Virginia Cannabis Control Authority",70041.24,6
"2024-05-01 00:00:00-04","JAUNT",67407.36,3
"2024-05-01 00:00:00-04","Virginia Rehabilitation Center for the Blind",51685.88,15
"2024-05-01 00:00:00-04","Stafford County Public Schools",39607.20,1
"2024-05-01 00:00:00-04","Virginia Museum of Natural History",38494.80,16
"2024-05-01 00:00:00-04","County of Fairfax",35046.24,1
"2024-05-01 00:00:00-04","Virginia Department for the Deaf and Hard-of-Hearing",34107.9900,25
"2024-05-01 00:00:00-04","Department of Small Business and Supplier Diversity",33071.22,11
"2024-05-01 00:00:00-04","Board of Accountancy",31155.50,9
"2024-05-01 00:00:00-04","RSW Regional Jail Authority",29727.48,1
"2024-05-01 00:00:00-04","Office of the Governor",29238.50,5
"2024-05-01 00:00:00-04","A.L. Philpott Manufacturing Extension Partnership",26500,2
"2024-05-01 00:00:00-04","Virginia Tourism Corporation",25886.40,10
"2024-05-01 00:00:00-04","City of Lynchburg",24764.20,3
"2024-05-01 00:00:00-04","Town of Rocky Mount",23567.58,1
"2024-05-01 00:00:00-04","State Corporation Commission",23348.56,2
"2024-05-01 00:00:00-04","Richmond Behavioral Health Authority",22898,1
"2024-05-01 00:00:00-04","Office of Childrens Services",18825.12,9
"2024-05-01 00:00:00-04","City of Fairfax",16522.28,1
"2024-05-01 00:00:00-04","New College Institute",14651.50,3
"2024-05-01 00:00:00-04","Encompass Community Supports",14567.78,2
"2024-05-01 00:00:00-04","Greater Richmond Transit Company",13331.02,7
"2024-05-01 00:00:00-04","Secretary of Administration",12392.56,7
"2024-05-01 00:00:00-04","Cooperative Extension",11808.50,2
"2024-05-01 00:00:00-04","City of Williamsburg",11003.50,1
"2024-05-01 00:00:00-04","Augusta Correctional Center",8433.50,3
"2024-05-01 00:00:00-04","Northern Virginia Transportation Authority",6480,1
"2024-05-01 00:00:00-04","Virginia Economic Development Partnership",5689.98,3
"2024-05-01 00:00:00-04","Auditor of Public Accounts",5398.00,4
"2024-05-01 00:00:00-04","Virginia Community College Shared Services Center",5328.58,5
"2024-05-01 00:00:00-04","Virginia Board for People with Disabilities",5090.6850,5
"2024-05-01 00:00:00-04","Puller Veterans Care Center",4713.52,6
"2024-05-01 00:00:00-04","Tobacco Region Revitalization Commission",4214,2
"2024-05-01 00:00:00-04","Commonwealth's Attorneys' Services Council",3726.38,2
"2024-05-01 00:00:00-04","Secretary of the Commonwealth",2235.38,3
"2024-05-01 00:00:00-04","Stafford County",2082.7058,1
"2024-05-01 00:00:00-04","Virginia Port Authority",1930,1
"2024-05-01 00:00:00-04","Chesterfield County",1604.94,1
"2024-05-01 00:00:00-04","Peninsula Airport Commission",1485.00,1
"2024-05-01 00:00:00-04","Poquoson City Public Schools",1275.92,1
"2024-05-01 00:00:00-04","Secretary of Public Safety",1024.70,1
"2024-05-01 00:00:00-04","Motor Vehicle Dealer Board",991.72,3
"2024-05-01 00:00:00-04","Virginia Racing Commission",727.36,2
"2024-05-01 00:00:00-04","Department of Planning and Budget",483.70,2
"2024-05-01 00:00:00-04","Gunston Hall",463.24,1
"2024-05-01 00:00:00-04","Virginia State Bar",167.12,2
"2024-05-01 00:00:00-04","Secretary of Health and Human Resources",90.54,1
"2024-05-01 00:00:00-04","Secretary of Natural Resources",77.50,1
"2024-05-01 00:00:00-04","Southern Virginia Higher Education",71.96,1
"2024-06-01 00:00:00-04","Virginia Department of Transportation",1627043366.574600,570
"2024-06-01 00:00:00-04","University of Virginia",335333139.6340,631
"2024-06-01 00:00:00-04","College of William & Mary",201387127.9072,275
"2024-06-01 00:00:00-04","James Madison University",197734285.748320,290
"2024-06-01 00:00:00-04","Department of Education",161642880.820160,62
"2024-06-01 00:00:00-04","Old Dominion University",82266760.587760,78
"2024-06-01 00:00:00-04","Virginia Department of Health",65234416.350900,252
"2024-06-01 00:00:00-04","Department of General Services",59887676.735300,104
"2024-06-01 00:00:00-04","Department of Behavioral Health and Developmental Services",45350157.98,75
"2024-06-01 00:00:00-04","Department of Human Resource Management",40326221.82,19
"2024-06-01 00:00:00-04","Department of Rail and Public Transportation",32055347.96,15
"2024-06-01 00:00:00-04","Department of Military Affairs",31482900.6660,70
"2024-06-01 00:00:00-04","Norfolk State University",27263988.7900,111
"2024-06-01 00:00:00-04","Department of Social Services",27066065.2248,69
"2024-06-01 00:00:00-04","George Mason University",25258549.691120,423
"2024-06-01 00:00:00-04","Virginia Polytechnic Institute and State University",23067059.8708,591
"2024-06-01 00:00:00-04","Department of Corrections",20934064.6732,149
"2024-06-01 00:00:00-04","University of Mary Washington",20183950.22,86
"2024-06-01 00:00:00-04","Northern Virginia Community College",19730341.2400,62
"2024-06-01 00:00:00-04","Virginia Commonwealth University",17538436.0698,207
"2024-06-01 00:00:00-04","Virginia Alcoholic Beverage Control Authority",12578044.9940,24
"2024-06-01 00:00:00-04","Virginia Community College System - System Office",12105036.70,36
"2024-06-01 00:00:00-04","Radford University",12030586.220960,145
"2024-06-01 00:00:00-04","Virginia State Police",11088080.5934,115
"2024-06-01 00:00:00-04","Virginia Museum of Fine Arts",10250444.54,61
"2024-06-01 00:00:00-04","Western State Hospital",9214807.5220,65
"2024-06-01 00:00:00-04","Virginia Military Institute",8768085.504100,89
"2024-06-01 00:00:00-04","Virginia Information Technologies Agency",8117516.00,13
"2024-06-01 00:00:00-04","Tidewater Community College",6757720.46,54
"2024-06-01 00:00:00-04","Virginia Peninsula Community College",6606126.9760,26
"2024-06-01 00:00:00-04","Virginia Department of Agriculture and Consumer Services",6359212.72,65
"2024-06-01 00:00:00-04","Department of Conservation and Recreation",5948444.868340,232
"2024-06-01 00:00:00-04","Longwood University",4942871.32,75
"2024-06-01 00:00:00-04","Virginia Department of Emergency Management",4860816.9700,24
"2024-06-01 00:00:00-04","Department of Environmental Quality",4719517.90,47
"2024-06-01 00:00:00-04","Reynolds Community College",4577350.46,42
"2024-06-01 00:00:00-04","Virginia State University",4561318.4260,76
"2024-06-01 00:00:00-04","Southwestern VA Mental Health Institute",4157393.80,40
"2024-06-01 00:00:00-04","Department of Taxation",3989356.9070,14
"2024-06-01 00:00:00-04","Virginia Department of Energy",3857256.02,46
"2024-06-01 00:00:00-04","Department of Planning and Budget",3834606.20,2
"2024-06-01 00:00:00-04","Christopher Newport University",3832985.2372,141
"2024-06-01 00:00:00-04","DOC - Architecture and Engineering",3683766,6
"2024-06-01 00:00:00-04","Department for Aging and Rehabilitative Services",3681683.62,62
"2024-06-01 00:00:00-04","Sitter-Barfoot Veterans Care Center",3502015.28,32
"2024-06-01 00:00:00-04","Department of Criminal Justice Services",2889507.46,38
"2024-06-01 00:00:00-04","Department of Blind and Vision Impaired",2835600.8410,55
"2024-06-01 00:00:00-04","Department of Medical Assistance Services",2813672.30,14
"2024-06-01 00:00:00-04","Department of Motor Vehicles",2802066.36,61
"2024-06-01 00:00:00-04","Keen Mountain Correctional Center",2631803.22,32
"2024-06-01 00:00:00-04","Catawba Hospital",2617876.058160,61
"2024-06-01 00:00:00-04","Department of Juvenile Justice",2615933.0760,72
"2024-06-01 00:00:00-04","DOC - Division of Institutions",2529157.168600,61
"2024-06-01 00:00:00-04","Eastern State Hospital",2427470.24,35
"2024-06-01 00:00:00-04","Central State Hospital",2414668.12,26
"2024-06-01 00:00:00-04","Fluvanna Correctional Center",2228850.78,28
"2024-06-01 00:00:00-04","Danville Community College",2133303.94,14
"2024-06-01 00:00:00-04","Virginia Department of Wildlife Resources",2120134.2612,50
"2024-06-01 00:00:00-04","Virginia Department for Veterans Services",1942690.2208,54
"2024-06-01 00:00:00-04","Correctional Enterprises",1687494.692160,57
"2024-06-01 00:00:00-04","Rappahannock Community College",1623897.7400,25
"2024-06-01 00:00:00-04","Lunenburg Correctional Center",1563645.18,22
"2024-06-01 00:00:00-04","Virginia Western Community College",1377922.1616,32
"2024-06-01 00:00:00-04","Bland Correctional Center",1369744.54,23
"2024-06-01 00:00:00-04","Department of Forestry",1359942.04,106
"2024-06-01 00:00:00-04","Virginia Correctional Center for Women",1352279.12,21
"2024-06-01 00:00:00-04","Department of Corrections - Academy",1271316.30,30
"2024-06-01 00:00:00-04","Department of Forensic Science",1250204.66,51
"2024-06-01 00:00:00-04","Library of Virginia",1228286.24,34
"2024-06-01 00:00:00-04","Fort Monroe Authority",1220190.9580,9
"2024-06-01 00:00:00-04","Richard Bland College",1146956.30,40
"2024-06-01 00:00:00-04","Department of Housing and Community Development",1115122.5316,21
"2024-06-01 00:00:00-04","Greensville Correctional Center",1106635.16,24
"2024-06-01 00:00:00-04","Office of the Attorney General",969985.8960,44
"2024-06-01 00:00:00-04","Germanna Community College",969237.84,30
"2024-06-01 00:00:00-04","Buckingham Correctional Center",943595.14,26
"2024-06-01 00:00:00-04","Jamestown-Yorktown Foundation",932382.12,33
"2024-06-01 00:00:00-04","Science Museum of Virginia",918608.54,37
"2024-06-01 00:00:00-04","Dillwyn Correctional Center",898843.9280,28
"2024-06-01 00:00:00-04","Piedmont Geriatric Hospital",880670.9830,28
"2024-06-01 00:00:00-04","Division of Community Corrections",880272.9920,52
"2024-06-01 00:00:00-04","Marion Correctional Treatment Center",878607.24,23
"2024-06-01 00:00:00-04","Coffeewood Correctional Center",819742.16,26
"2024-06-01 00:00:00-04","Goochland County Public Schools",801912,1
"2024-06-01 00:00:00-04","Virginia Highlands Community College",725394.56,17
"2024-06-01 00:00:00-04","New River Community College",713456.8376,14
"2024-06-01 00:00:00-04","Southern Virginia Mental Health Institute",689275.24,46
"2024-06-01 00:00:00-04","Nottoway Correctional Center",669671.64,20
"2024-06-01 00:00:00-04","Virginia Employment Commission",631652.66,19
"2024-06-01 00:00:00-04","Wilson Workforce and Rehabilitation Center",594249.307420,40
"2024-06-01 00:00:00-04","Virginia Veterans Care Center",582795.72,21
"2024-06-01 00:00:00-04","County of Loudoun",579700.70,1
"2024-06-01 00:00:00-04","Department of Health Professions",574243.6380,22
"2024-06-01 00:00:00-04","Metropolitan Washington Airports Authority",562660.60,1
"2024-06-01 00:00:00-04","Office of the State Inspector General",558800.32,3
"2024-06-01 00:00:00-04","County of Mathews",534468,1
"2024-06-01 00:00:00-04","Baskerville Correctional Center",511846.54,14
"2024-06-01 00:00:00-04","Department of Fire Programs",497814.46,15
"2024-06-01 00:00:00-04","Henrico County Government",479965.88,3
"2024-06-01 00:00:00-04","Wallens Ridge Correctional Center",478447.78,18
"2024-06-01 00:00:00-04","State Farm Correctional Center",471304.14,28
"2024-06-01 00:00:00-04","Virginia School for the Deaf and the Blind",450314.10,27
"2024-06-01 00:00:00-04","Town of Blacksburg",435661.94,2
"2024-06-01 00:00:00-04","Piedmont VA Community College",414810.58,33
"2024-06-01 00:00:00-04","Department of Treasury",414344.02,20
"2024-06-01 00:00:00-04","Department of Accounts",412302.30,8
"2024-06-01 00:00:00-04","Department of Elections",406633.3200,11
"2024-06-01 00:00:00-04","Department of Historic Resources",394981.08,11
"2024-06-01 00:00:00-04","VA Center for Behavioral Rehabilitation",383967.920500,30
"2024-06-01 00:00:00-04","Southeastern Virginia Training Center",368819.3280,53
"2024-06-01 00:00:00-04","Southampton County",346360,1
"2024-06-01 00:00:00-04","Mountain Empire Community College",342582,3
"2024-06-01 00:00:00-04","St. Brides Correctional Center",339468.1620,22
"2024-06-01 00:00:00-04","Amelia County Public Schools",330976.80,1
"2024-06-01 00:00:00-04","Indian Creek Correctional Center",323865.34,18
"2024-06-01 00:00:00-04","Pocahantas State Correctional Center",314289.50,17
"2024-06-01 00:00:00-04","Pulaski County Public Schools",298336.36,2
"2024-06-01 00:00:00-04","Manassas City Public Schools",295067.36,1
"2024-06-01 00:00:00-04","Marine Resources Commission",267858.8240,32
"2024-06-01 00:00:00-04","Haynesville Correctional Center",243296.82,26
"2024-06-01 00:00:00-04","Auditor of Public Accounts",238292.94,5
"2024-06-01 00:00:00-04","Southampton County Public Schools",220026,1
"2024-06-01 00:00:00-04","Augusta Correctional Center",205429.2792,6
"2024-06-01 00:00:00-04","Department of Small Business and Supplier Diversity",200946.42,13
"2024-06-01 00:00:00-04","Jones & Cabacoy Veterans Care Center",194640.38,17
"2024-06-01 00:00:00-04","Deerfield Correctional Center",193295.96,24
"2024-06-01 00:00:00-04","Department of Labor and Industry",189118.54,21
"2024-06-01 00:00:00-04","Lancaster Schools",186108,1
"2024-06-01 00:00:00-04","Indigent Defense Commission",182387.68,16
"2024-06-01 00:00:00-04","River North Correctional Center",174706.5540,20
"2024-06-01 00:00:00-04","Frontier Culture Museum",168025.78,11
"2024-06-01 00:00:00-04","Green Rock Correctional Center",166102.6180,14
"2024-06-01 00:00:00-04","Albemarle County",160346,1
"2024-06-01 00:00:00-04","State Council of Higher Education",159585.36,9
"2024-06-01 00:00:00-04","Sussex I and Sussex II State Prisons Complex",158906.74,12
"2024-06-01 00:00:00-04","Campbell County Schools",158606.86,1
"2024-06-01 00:00:00-04","Northern Virginia Mental Health Institute",158372.78,16
"2024-06-01 00:00:00-04","Central Virginia Community College",149203.36,8
"2024-06-01 00:00:00-04","City of Petersburg",148000,1
"2024-06-01 00:00:00-04","County of Roanoke",147162.80,1
"2024-06-01 00:00:00-04","Southwest Virginia Community College",122930.0270,16
"2024-06-01 00:00:00-04","Department of Aviation",117382.98,15
"2024-06-01 00:00:00-04","Red Onion Correctional Center",104928.44,20
"2024-06-01 00:00:00-04","New College Institute",104907.22,5
"2024-06-01 00:00:00-04","Pittsylvania County Public Schools",102070.72,1
"2024-06-01 00:00:00-04","Southside Virginia Community College",76336.58,13
"2024-06-01 00:00:00-04","Veterans Services Foundation",74080,1
"2024-06-01 00:00:00-04","City of Harrisonburg",73581.40,1
"2024-06-01 00:00:00-04","Franklin County",72626.40,1
"2024-06-01 00:00:00-04","Virginia Board for People with Disabilities",71651.70,11
"2024-06-01 00:00:00-04","Brightpoint Community College",69993.36,20
"2024-06-01 00:00:00-04","Laurel Ridge Community College",66296.30,21
"2024-06-01 00:00:00-04","Fauquier County",64300,1
"2024-06-01 00:00:00-04","Workers Compensation Commission",55082.26,9
"2024-06-01 00:00:00-04","A.L. Philpott Manufacturing Extension Partnership",52400,3
"2024-06-01 00:00:00-04","Virginia Cannabis Control Authority",50977.7468,5
"2024-06-01 00:00:00-04","Stafford County Public Schools",42942.70,1
"2024-06-01 00:00:00-04","Blue Ridge Community College",41262.06,14
"2024-06-01 00:00:00-04","Dept of Professional and Occupational Regulation",38333.76,28
"2024-06-01 00:00:00-04","Virginia Museum of Natural History",35476.80,11
"2024-06-01 00:00:00-04","Virginia Rehabilitation Center for the Blind",35421.7002,11
"2024-06-01 00:00:00-04","Wytheville Community College",34889.46,13
"2024-06-01 00:00:00-04","Virginia Department for the Deaf and Hard-of-Hearing",33165.2500,27
"2024-06-01 00:00:00-04","City of Lynchburg",32417.62,2
"2024-06-01 00:00:00-04","State Compensation Board",24918.46,1
"2024-06-01 00:00:00-04","Camp Community College",24699.84,7
"2024-06-01 00:00:00-04","Virginia Outdoors Foundation",24600,1
"2024-06-01 00:00:00-04","RSW Regional Jail Authority",24376.44,1
"2024-06-01 00:00:00-04","County of York",23102.40,1
"2024-06-01 00:00:00-04","Greater Richmond Transit Company",19736.86,5
"2024-06-01 00:00:00-04","Office of the Governor",16098.74,4
"2024-06-01 00:00:00-04","State Corporation Commission",15429.36,2
"2024-06-01 00:00:00-04","Pittsylvania County",15051.60,1
"2024-06-01 00:00:00-04","Motor Vehicle Dealer Board",14727.96,3
"2024-06-01 00:00:00-04","Mountain Gateway Community College",14587.00,3
"2024-06-01 00:00:00-04","Secretary of Administration",14204.68,7
"2024-06-01 00:00:00-04","Peninsula Airport Commission",12796.06,1
"2024-06-01 00:00:00-04","Encompass Community Supports",10004.80,2
"2024-06-01 00:00:00-04","Virginia Economic Development Partnership",9215.76,2
"2024-06-01 00:00:00-04","Poquoson City Public Schools",8948,1
"2024-06-01 00:00:00-04","Cooperative Extension",6597.50,2
"2024-06-01 00:00:00-04","Patrick & Henry Community College",6232.56,9
"2024-06-01 00:00:00-04","Virginia Tourism Corporation",5953.60,6
"2024-06-01 00:00:00-04","Eastern Shore Community College",4794.00,3
"2024-06-01 00:00:00-04","Western Region Correctional Field Units",4740,1
"2024-06-01 00:00:00-04","Board of Accountancy",4730.90,7
"2024-06-01 00:00:00-04","Clarke County",3719.20,1
"2024-06-01 00:00:00-04","Southern Virginia Higher Education",3471.20,1
"2024-06-01 00:00:00-04","Virginia Community College Shared Services Center",3264.70,4
"2024-06-01 00:00:00-04","Office of Childrens Services",3151.20,2
"2024-06-01 00:00:00-04","Commonwealth's Attorneys' Services Council",3057.88,2
"2024-06-01 00:00:00-04","Secretary of the Commonwealth",2835.92,3
"2024-06-01 00:00:00-04","Virginia Port Authority",2802.92,2
"2024-06-01 00:00:00-04","King William County",1968,1
"2024-06-01 00:00:00-04","District 19 Community Services Board",1590.20,1
"2024-06-01 00:00:00-04","Chesterfield County",1098.40,1
"2024-06-01 00:00:00-04","Virginia Racing Commission",964.58,2
"2024-06-01 00:00:00-04","Secretary of Health and Human Resources",856.78,1
"2024-06-01 00:00:00-04","Tobacco Region Revitalization Commission",643.04,1
"2024-06-01 00:00:00-04","Puller Veterans Care Center",493.08,1
"2024-06-01 00:00:00-04","Secretary of Public Safety",102.32,1
"2024-06-01 00:00:00-04","Virginia State Bar",63.84,1
